Unnamed: 0,val_acc,test_acc,epoch,train_loss,prune_type
0,0.1004,0.1181,1,4.093437697546823,ERK
1,0.1594,0.1757,2,3.55737681388855,ERK
2,0.1762,0.2058,3,3.297016864504133,ERK
3,0.2248,0.2339,4,3.114326333999634,ERK
4,0.2174,0.2413,5,2.9963314437866213,ERK
5,0.2344,0.2532,6,2.910936339242118,ERK
6,0.2602,0.2901,7,2.833560288293021,ERK
7,0.274,0.3032,8,2.778095177241734,ERK
8,0.285,0.307,9,2.737635989870344,ERK
9,0.295,0.3245,10,2.696146455492292,ERK
10,0.2842,0.3178,11,2.6696455519539968,ERK
11,0.2568,0.2792,12,2.641352882385254,ERK
12,0.2944,0.3341,13,2.6245553357260567,ERK
13,0.2552,0.287,14,2.596508400780814,ERK
14,0.283,0.3306,15,2.5667119230542865,ERK
15,0.2848,0.3243,16,2.5572004781450546,ERK
16,0.2748,0.2865,17,2.5402626187460764,ERK
17,0.3016,0.3315,18,2.5381842981066023,ERK
18,0.3064,0.3364,19,2.507658279963902,ERK
19,0.2984,0.3294,20,2.5000437096187045,ERK
20,0.313,0.3369,21,2.502239386694772,ERK
21,0.3064,0.3364,22,2.4724328436170304,ERK
22,0.2956,0.3254,23,2.4698500170026505,ERK
23,0.3042,0.3374,24,2.470706956045968,ERK
24,0.3238,0.352,25,2.454840978894915,ERK
25,0.3346,0.3667,26,2.4359985773903983,ERK
26,0.3242,0.3613,27,2.425637055805751,ERK
27,0.3188,0.3432,28,2.425251565660749,ERK
28,0.3292,0.3612,29,2.4096108313969204,ERK
29,0.3204,0.3477,30,2.404859113693237,ERK
30,0.3246,0.3551,31,2.404677025931222,ERK
31,0.3302,0.3642,32,2.397565063749041,ERK
32,0.3022,0.3303,33,2.3940056133270264,ERK
33,0.3318,0.3663,34,2.3908908217293874,ERK
34,0.3176,0.3499,35,2.379939671925136,ERK
35,0.3236,0.3533,36,2.3759798989977154,ERK
36,0.3322,0.3817,37,2.3798816067831856,ERK
37,0.3304,0.3614,38,2.356819361277989,ERK
38,0.326,0.3582,39,2.353125252042498,ERK
39,0.3288,0.3605,40,2.3540901388440814,ERK
40,0.3238,0.3544,41,2.3498428085872107,ERK
41,0.3372,0.352,42,2.343600631441389,ERK
42,0.3386,0.3748,43,2.339170801980155,ERK
43,0.3492,0.3709,44,2.335373197283064,ERK
44,0.3474,0.3865,45,2.33257469858442,ERK
45,0.3558,0.3918,46,2.3291352558135987,ERK
46,0.3322,0.3651,47,2.3216374608448573,ERK
47,0.3546,0.3889,48,2.324421488898141,ERK
48,0.3588,0.3826,49,2.314176128932408,ERK
49,0.3464,0.3791,50,2.316447992324829,ERK
50,0.3404,0.3802,51,2.3019157314300536,ERK
51,0.3384,0.3778,52,2.306415342603411,ERK
52,0.3534,0.3874,53,2.3059474658966064,ERK
53,0.3556,0.3899,54,2.290906299182347,ERK
54,0.331,0.364,55,2.2857331916264125,ERK
55,0.334,0.3719,56,2.2966874722072057,ERK
56,0.3536,0.372,57,2.289369196210589,ERK
57,0.327,0.3559,58,2.284766672679356,ERK
58,0.3428,0.3729,59,2.2746356991359167,ERK
59,0.3314,0.3613,60,2.273772909981864,ERK
60,0.3388,0.371,61,2.272737362725394,ERK
61,0.3602,0.3858,62,2.2738901792253765,ERK
62,0.3348,0.3703,63,2.2671917724609374,ERK
63,0.354,0.3805,64,2.2755912726266043,ERK
64,0.355,0.3901,65,2.267095322608948,ERK
65,0.3248,0.3506,66,2.2656114387512205,ERK
66,0.3418,0.3764,67,2.2638100160871235,ERK
67,0.3462,0.376,68,2.2576471178872244,ERK
68,0.3404,0.3659,69,2.246480381829398,ERK
69,0.3436,0.3776,70,2.2518952478681293,ERK
70,0.3442,0.3828,71,2.255375043324062,ERK
71,0.3422,0.37,72,2.256498026847839,ERK
72,0.3266,0.3605,73,2.2502704007284984,ERK
73,0.3246,0.3664,74,2.251012554849897,ERK
74,0.3668,0.3996,75,2.2378791631971087,ERK
75,0.355,0.3904,76,2.240430584635053,ERK
76,0.336,0.3711,77,2.244416586330958,ERK
77,0.3406,0.3666,78,2.238165144920349,ERK
78,0.3568,0.3803,79,2.2366895076206754,ERK
79,0.3458,0.3821,80,2.243121852874756,ERK
80,0.3628,0.3974,81,2.240426936149597,ERK
81,0.3446,0.3757,82,2.243968265397208,ERK
82,0.3294,0.3542,83,2.231139660562788,ERK
83,0.3312,0.3715,84,2.223527545247759,ERK
84,0.3558,0.3816,85,2.2254844052451,ERK
85,0.3486,0.4021,86,2.2242450107846943,ERK
86,0.356,0.383,87,2.218896972111293,ERK
87,0.3594,0.3824,88,2.224426202092852,ERK
88,0.3434,0.387,89,2.228804612840925,ERK
89,0.3516,0.3815,90,2.22209374495915,ERK
90,0.3582,0.3744,91,2.21421566758837,ERK
91,0.3414,0.3808,92,2.222683354786464,ERK
92,0.3658,0.3944,93,2.230560029574803,ERK
93,0.3574,0.3933,94,2.217083643504552,ERK
94,0.3566,0.3896,95,2.2074225316728864,ERK
95,0.335,0.377,96,2.2152678864342827,ERK
96,0.3324,0.3625,97,2.220582051958357,ERK
97,0.3534,0.3904,98,2.205812038012913,ERK
98,0.3708,0.4102,99,2.2149155609948297,ERK
99,0.3702,0.3849,100,2.2076259885515483,ERK
100,0.331,0.3627,101,2.2018565457207817,ERK
101,0.3682,0.3899,102,2.2144029426574705,ERK
102,0.3452,0.3873,103,2.203020367622376,ERK
103,0.3516,0.3887,104,2.2031073331832887,ERK
104,0.3236,0.3529,105,2.198947284562247,ERK
105,0.3398,0.3777,106,2.2057138531548635,ERK
106,0.3472,0.3749,107,2.197694494383676,ERK
107,0.3382,0.3858,108,2.199696183885847,ERK
108,0.334,0.3606,109,2.197245548112052,ERK
109,0.3624,0.4018,110,2.197969960485186,ERK
110,0.3472,0.3747,111,2.193702291761126,ERK
111,0.343,0.3694,112,2.191146661894662,ERK
112,0.3804,0.4065,113,2.198993931497846,ERK
113,0.3296,0.379,114,2.193422906058175,ERK
114,0.349,0.3846,115,2.19939017363957,ERK
115,0.3786,0.3958,116,2.2012702553612846,ERK
116,0.3466,0.3831,117,2.1808706617355345,ERK
117,0.334,0.3766,118,2.1961846467426844,ERK
118,0.3614,0.387,119,2.1918560906818936,ERK
119,0.3562,0.3849,120,2.1902124520710538,ERK
120,0.3546,0.3981,121,2.187765872819083,ERK
121,0.336,0.3753,122,2.187585959434509,ERK
122,0.3474,0.3868,123,2.1849871669496808,ERK
123,0.3712,0.4031,124,2.1802170521872384,ERK
124,0.3664,0.3967,125,2.1888719361169,ERK
125,0.4604,0.4858,126,1.925222652299064,ERK
126,0.462,0.4892,127,1.8087486008235387,ERK
127,0.4648,0.4917,128,1.7720419488634382,ERK
128,0.4672,0.4977,129,1.7439102465765817,ERK
129,0.4714,0.4962,130,1.721360376221793,ERK
130,0.4784,0.5044,131,1.7058193942478723,ERK
131,0.472,0.5042,132,1.6872568655014035,ERK
132,0.4702,0.5036,133,1.6778014748437065,ERK
133,0.4848,0.506,134,1.66157833644322,ERK
134,0.4786,0.5095,135,1.6556370162963867,ERK
135,0.4784,0.5089,136,1.643190358706883,ERK
136,0.478,0.5053,137,1.6305823721204484,ERK
137,0.4752,0.5047,138,1.626858708517892,ERK
138,0.4764,0.5082,139,1.6193475484848023,ERK
139,0.4694,0.5056,140,1.6135230520793369,ERK
140,0.4732,0.5078,141,1.603454569407872,ERK
141,0.4788,0.503,142,1.6039095735549926,ERK
142,0.4778,0.5058,143,1.5929885203497751,ERK
143,0.4684,0.5095,144,1.5780276455198017,ERK
144,0.4738,0.5002,145,1.580887655530657,ERK
145,0.4784,0.5101,146,1.5736712346758162,ERK
146,0.4854,0.5083,147,1.5719183581215994,ERK
147,0.4768,0.5078,148,1.5674186161586217,ERK
148,0.4848,0.5056,149,1.5670790365764071,ERK
149,0.4698,0.5081,150,1.562026743207659,ERK
150,0.4738,0.5006,151,1.5642407049451557,ERK
151,0.4788,0.5075,152,1.555146656717573,ERK
152,0.4792,0.4975,153,1.5574933549336023,ERK
153,0.4754,0.5073,154,1.549979589326041,ERK
154,0.4734,0.5011,155,1.549597586223057,ERK
155,0.4708,0.5101,156,1.5455467905317033,ERK
156,0.4684,0.502,157,1.5555546631131854,ERK
157,0.4782,0.5054,158,1.54657983984266,ERK
158,0.4718,0.5054,159,1.531483119555882,ERK
159,0.4704,0.5039,160,1.5423256199700492,ERK
160,0.4654,0.5,161,1.5331312697274344,ERK
161,0.4642,0.5009,162,1.534092985561916,ERK
162,0.4768,0.5005,163,1.539113622392927,ERK
163,0.475,0.5025,164,1.5310574735913958,ERK
164,0.4698,0.4956,165,1.5323620053700038,ERK
165,0.474,0.5092,166,1.5257617214747838,ERK
166,0.4664,0.5048,167,1.5215145465305873,ERK
167,0.4686,0.5039,168,1.5255066224506924,ERK
168,0.4696,0.4991,169,1.5253312635421752,ERK
169,0.4676,0.4928,170,1.5210304825646537,ERK
170,0.4608,0.4958,171,1.5248267092023575,ERK
171,0.4684,0.495,172,1.5150073671340942,ERK
172,0.4726,0.504,173,1.520883321762085,ERK
173,0.4642,0.493,174,1.5194662053244454,ERK
174,0.4638,0.4926,175,1.5248402173178537,ERK
175,0.4696,0.5037,176,1.518741145133972,ERK
176,0.4666,0.5085,177,1.5134756190436227,ERK
177,0.4628,0.499,178,1.508684504372733,ERK
178,0.4654,0.5021,179,1.5146468033109393,ERK
179,0.4712,0.4989,180,1.5032285049983434,ERK
180,0.4664,0.5023,181,1.5062692315237862,ERK
181,0.461,0.4935,182,1.4967649132864815,ERK
182,0.4692,0.4972,183,1.5080349901744297,ERK
183,0.4694,0.4946,184,1.515408652169364,ERK
184,0.4628,0.4942,185,1.512495288848877,ERK
185,0.461,0.4958,186,1.4977767508370536,ERK
186,0.462,0.4975,187,1.498446377345494,ERK
187,0.502,0.5255,188,1.3818077734538488,ERK
188,0.4942,0.5265,189,1.347249995640346,ERK
189,0.503,0.5296,190,1.3234375088555472,ERK
190,0.5014,0.5298,191,1.3159145627702986,ERK
191,0.4938,0.5296,192,1.3061797319139754,ERK
192,0.5036,0.5285,193,1.298864587375096,ERK
193,0.4918,0.5305,194,1.2848901523862566,ERK
194,0.499,0.5303,195,1.2855104282924108,ERK
195,0.491,0.53,196,1.2777942773274014,ERK
196,0.4974,0.5303,197,1.2679307733263288,ERK
197,0.4908,0.5288,198,1.2641121775763375,ERK
198,0.508,0.5286,199,1.2630802495138986,ERK
199,0.4994,0.5272,200,1.2627657536097936,ERK
200,0.499,0.5263,201,1.254446107319423,ERK
201,0.5028,0.5269,202,1.2529360682623727,ERK
202,0.5004,0.5263,203,1.2410559844970703,ERK
203,0.4926,0.5272,204,1.2464252652440753,ERK
204,0.5018,0.527,205,1.2358327794075012,ERK
205,0.5014,0.5294,206,1.235020659991673,ERK
206,0.5034,0.5282,207,1.2302864858082363,ERK
207,0.4986,0.5292,208,1.2349481221607754,ERK
208,0.4994,0.5296,209,1.2251252971376692,ERK
209,0.4992,0.5284,210,1.2253208085468836,ERK
210,0.4986,0.5261,211,1.2188877276011876,ERK
211,0.497,0.5279,212,1.2261495399475095,ERK
212,0.4932,0.5299,213,1.2237913635798865,ERK
213,0.5106,0.5299,214,1.220081033706665,ERK
214,0.4956,0.5293,215,1.211233115536826,ERK
215,0.5004,0.5277,216,1.2066444723946708,ERK
216,0.5012,0.524,217,1.2122037158693586,ERK
217,0.4956,0.5271,218,1.203191033090864,ERK
218,0.495,0.527,219,1.2049769033704485,ERK
219,0.5006,0.5267,220,1.2007356323514666,ERK
220,0.5054,0.5264,221,1.199229038102286,ERK
221,0.5036,0.526,222,1.2015566386495318,ERK
222,0.4958,0.5262,223,1.1983489860807146,ERK
223,0.4914,0.5269,224,1.197429700238364,ERK
224,0.5,0.5271,225,1.1930648054395403,ERK
225,0.4892,0.5303,226,1.194028754574912,ERK
226,0.4996,0.527,227,1.1894749253136772,ERK
227,0.4904,0.5279,228,1.1922024423735482,ERK
228,0.4978,0.527,229,1.1824184506280082,ERK
229,0.4952,0.5253,230,1.187461211340768,ERK
230,0.499,0.5262,231,1.183273949623108,ERK
231,0.5058,0.5256,232,1.179617417539869,ERK
232,0.49,0.5257,233,1.1814084826196942,ERK
233,0.5052,0.5249,234,1.1806275173595973,ERK
234,0.488,0.5262,235,1.1793645514760698,ERK
235,0.4864,0.5275,236,1.1794329595565796,ERK
236,0.4862,0.5228,237,1.175352610179356,ERK
237,0.4906,0.5267,238,1.1676676743371146,ERK
238,0.496,0.522,239,1.1743803296770368,ERK
239,0.4904,0.5244,240,1.17449928351811,ERK
240,0.4884,0.5261,241,1.1648587584495544,ERK
241,0.4974,0.5237,242,1.1668816150937762,ERK
242,0.498,0.5252,243,1.1678833631106786,ERK
243,0.4904,0.5209,244,1.1605820625168937,ERK
244,0.493,0.5242,245,1.1657540059089662,ERK
245,0.4956,0.5242,246,1.1530121748788016,ERK
246,0.49,0.5252,247,1.1603433305876596,ERK
247,0.4976,0.5263,248,1.1648247276033674,ERK
248,0.4896,0.524,249,1.1572570606640409,ERK
249,0.4838,0.5227,250,1.1554633631025042,ERK
0,0.0472,0.0574,1,4.421877476828439,SynFlow
1,0.1066,0.113,2,3.958925722667149,SynFlow
2,0.1444,0.1557,3,3.6642620386396136,SynFlow
3,0.1676,0.1819,4,3.4162117331368584,SynFlow
4,0.2116,0.2261,5,3.224039490563529,SynFlow
5,0.2006,0.2281,6,3.047694700786045,SynFlow
6,0.2484,0.252,7,2.9348314571380616,SynFlow
7,0.2572,0.2921,8,2.831290644236973,SynFlow
8,0.2618,0.2828,9,2.7547628484453472,SynFlow
9,0.2764,0.3076,10,2.6735752350943427,SynFlow
10,0.289,0.3135,11,2.629523946217128,SynFlow
11,0.2854,0.3313,12,2.57468400818961,SynFlow
12,0.2962,0.3187,13,2.531579933166504,SynFlow
13,0.3096,0.324,14,2.495833298819406,SynFlow
14,0.3136,0.3438,15,2.4570759432656426,SynFlow
15,0.3186,0.3525,16,2.4250070667266845,SynFlow
16,0.3202,0.3528,17,2.396860136304583,SynFlow
17,0.2918,0.3324,18,2.3508638218470983,SynFlow
18,0.317,0.3503,19,2.3465194743020192,SynFlow
19,0.3352,0.3602,20,2.3168480437142507,SynFlow
20,0.3188,0.3613,21,2.297875653675624,SynFlow
21,0.349,0.375,22,2.2903047588893344,SynFlow
22,0.3414,0.3737,23,2.246185403551374,SynFlow
23,0.3312,0.3579,24,2.2518545859200616,SynFlow
24,0.3538,0.3857,25,2.244507453782218,SynFlow
25,0.3414,0.3674,26,2.2180302483694896,SynFlow
26,0.3606,0.3964,27,2.197166276659284,SynFlow
27,0.3504,0.3751,28,2.193238043785095,SynFlow
28,0.371,0.3896,29,2.193756993157523,SynFlow
29,0.3612,0.4018,30,2.1633603388922555,SynFlow
30,0.3426,0.3668,31,2.1663760028566634,SynFlow
31,0.3576,0.387,32,2.1654349749428885,SynFlow
32,0.3278,0.3606,33,2.149342431340899,SynFlow
33,0.3648,0.3944,34,2.1344171026774816,SynFlow
34,0.3824,0.4033,35,2.131781506538391,SynFlow
35,0.3764,0.3978,36,2.124287840298244,SynFlow
36,0.3448,0.3766,37,2.119707730838231,SynFlow
37,0.3816,0.4075,38,2.0977518136160715,SynFlow
38,0.3622,0.3902,39,2.0961936828068324,SynFlow
39,0.3768,0.4104,40,2.093085832595825,SynFlow
40,0.3472,0.3681,41,2.0791720942088534,SynFlow
41,0.3776,0.4027,42,2.084094817297799,SynFlow
42,0.3734,0.3973,43,2.0790902519226075,SynFlow
43,0.3812,0.4171,44,2.071065639087132,SynFlow
44,0.3632,0.3879,45,2.068985604558672,SynFlow
45,0.392,0.4207,46,2.059652385030474,SynFlow
46,0.3762,0.3998,47,2.051130487578256,SynFlow
47,0.397,0.4264,48,2.058602307183402,SynFlow
48,0.3792,0.4052,49,2.0411915302276613,SynFlow
49,0.3698,0.3831,50,2.04326970917838,SynFlow
50,0.3688,0.3981,51,2.0251442337036134,SynFlow
51,0.3814,0.4164,52,2.038834629740034,SynFlow
52,0.3736,0.4044,53,2.024754066467285,SynFlow
53,0.3746,0.401,54,2.016599858828953,SynFlow
54,0.3772,0.3984,55,2.023266240528652,SynFlow
55,0.381,0.4077,56,2.010858849116734,SynFlow
56,0.3954,0.4225,57,2.0049058212552757,SynFlow
57,0.3704,0.4025,58,2.0064473479134697,SynFlow
58,0.384,0.4043,59,2.001229038919721,SynFlow
59,0.3616,0.3982,60,2.0035594660895213,SynFlow
60,0.3616,0.3955,61,1.9997381455557688,SynFlow
61,0.3594,0.3762,62,2.002276620183672,SynFlow
62,0.3752,0.4025,63,2.000999549457005,SynFlow
63,0.4012,0.4295,64,1.9936204133714948,SynFlow
64,0.389,0.4145,65,1.973611139569964,SynFlow
65,0.364,0.3943,66,1.9809641102382116,SynFlow
66,0.3918,0.4228,67,1.9855292449678692,SynFlow
67,0.4034,0.4281,68,1.983087649345398,SynFlow
68,0.4092,0.4356,69,1.9889030402047292,SynFlow
69,0.3968,0.4284,70,1.973977360044207,SynFlow
70,0.3824,0.4179,71,1.974425871712821,SynFlow
71,0.406,0.4204,72,1.9815776130131315,SynFlow
72,0.365,0.4047,73,1.9784430926186696,SynFlow
73,0.3852,0.4061,74,1.9621355840138024,SynFlow
74,0.4064,0.4319,75,1.959327492713928,SynFlow
75,0.3764,0.4115,76,1.955718240056719,SynFlow
76,0.4004,0.4252,77,1.9709149980545044,SynFlow
77,0.392,0.4231,78,1.9601898670196531,SynFlow
78,0.3874,0.4134,79,1.958476073401315,SynFlow
79,0.3878,0.4192,80,1.972315959249224,SynFlow
80,0.379,0.4064,81,1.9561277784620013,SynFlow
81,0.3724,0.399,82,1.9516386079788208,SynFlow
82,0.383,0.3966,83,1.9564459753036496,SynFlow
83,0.4024,0.4248,84,1.944900063787188,SynFlow
84,0.394,0.4141,85,1.9418674441746304,SynFlow
85,0.4,0.4266,86,1.9462857382638117,SynFlow
86,0.3934,0.4158,87,1.9487767512457712,SynFlow
87,0.3916,0.4189,88,1.932607684816633,SynFlow
88,0.3996,0.4198,89,1.9295968512126376,SynFlow
89,0.4116,0.4354,90,1.953091919081552,SynFlow
90,0.3742,0.4041,91,1.925408524785723,SynFlow
91,0.403,0.4398,92,1.9389693083081927,SynFlow
92,0.4016,0.4283,93,1.93621568271092,SynFlow
93,0.3766,0.3965,94,1.939536828994751,SynFlow
94,0.3932,0.4221,95,1.9360029649734496,SynFlow
95,0.386,0.4279,96,1.9265752376828875,SynFlow
96,0.4036,0.4298,97,1.937382948739188,SynFlow
97,0.405,0.4433,98,1.9308901500701905,SynFlow
98,0.4076,0.4399,99,1.932516439982823,SynFlow
99,0.3906,0.4149,100,1.913075392586844,SynFlow
100,0.3906,0.4196,101,1.9362498923710412,SynFlow
101,0.4268,0.4516,102,1.916480392728533,SynFlow
102,0.4066,0.4391,103,1.9163310657228745,SynFlow
103,0.41,0.4318,104,1.9192222881317136,SynFlow
104,0.413,0.4299,105,1.92393068586077,SynFlow
105,0.396,0.4243,106,1.919612419264657,SynFlow
106,0.3828,0.4209,107,1.9231542880194528,SynFlow
107,0.369,0.4008,108,1.9180005407333371,SynFlow
108,0.3982,0.4292,109,1.9072266496930803,SynFlow
109,0.4056,0.4327,110,1.905892325810024,SynFlow
110,0.4058,0.4299,111,1.905709272793361,SynFlow
111,0.3854,0.4161,112,1.9121310697283065,SynFlow
112,0.3818,0.42,113,1.9047456216812133,SynFlow
113,0.424,0.4411,114,1.920541395459856,SynFlow
114,0.4078,0.4353,115,1.909063410077776,SynFlow
115,0.4182,0.4409,116,1.906409079687936,SynFlow
116,0.379,0.4034,117,1.8941920498439244,SynFlow
117,0.4002,0.415,118,1.9075288595472064,SynFlow
118,0.4268,0.456,119,1.904928124291556,SynFlow
119,0.3896,0.4038,120,1.9020332731519427,SynFlow
120,0.383,0.411,121,1.9060751731055123,SynFlow
121,0.3458,0.3855,122,1.9019423287255424,SynFlow
122,0.4064,0.4445,123,1.9014137070519583,SynFlow
123,0.4032,0.436,124,1.89275803565979,SynFlow
124,0.3938,0.4134,125,1.8983560173852103,SynFlow
125,0.5238,0.5502,126,1.5646829175949095,SynFlow
126,0.53,0.5583,127,1.4358520671299526,SynFlow
127,0.5374,0.5582,128,1.3910280697686332,SynFlow
128,0.5344,0.563,129,1.3535203647613523,SynFlow
129,0.5376,0.5662,130,1.326224195616586,SynFlow
130,0.5308,0.5652,131,1.3020178822108677,SynFlow
131,0.5364,0.5663,132,1.2848267425809587,SynFlow
132,0.5478,0.5683,133,1.2689402770996094,SynFlow
133,0.5364,0.5682,134,1.2513088982445852,SynFlow
134,0.534,0.5635,135,1.242479235104152,SynFlow
135,0.5318,0.5591,136,1.232216546535492,SynFlow
136,0.5348,0.5623,137,1.2138546207972936,SynFlow
137,0.5382,0.5666,138,1.2058014386040825,SynFlow
138,0.534,0.5652,139,1.20182350056512,SynFlow
139,0.5374,0.5695,140,1.1870590925216675,SynFlow
140,0.5388,0.5626,141,1.1784705001967295,SynFlow
141,0.5354,0.5608,142,1.1710371450015478,SynFlow
142,0.5414,0.5629,143,1.1666145692552838,SynFlow
143,0.536,0.5619,144,1.1583699427332197,SynFlow
144,0.539,0.5633,145,1.1475746713365826,SynFlow
145,0.545,0.5602,146,1.1494133370263235,SynFlow
146,0.537,0.5612,147,1.1380940651893616,SynFlow
147,0.5282,0.5537,148,1.13194719008037,SynFlow
148,0.5274,0.5585,149,1.1207451381002154,SynFlow
149,0.5286,0.5577,150,1.1207627436092922,SynFlow
150,0.5288,0.5561,151,1.116720554488046,SynFlow
151,0.5246,0.5624,152,1.1206585046223232,SynFlow
152,0.5394,0.5573,153,1.105976423536028,SynFlow
153,0.5304,0.5574,154,1.1090889201845442,SynFlow
154,0.5318,0.5586,155,1.1004673896517072,SynFlow
155,0.5272,0.5472,156,1.100427931036268,SynFlow
156,0.5256,0.5571,157,1.099269486154829,SynFlow
157,0.5328,0.5521,158,1.090293481690543,SynFlow
158,0.5234,0.5536,159,1.0960951566696169,SynFlow
159,0.5306,0.5527,160,1.093420226573944,SynFlow
160,0.525,0.5474,161,1.0922828214509146,SynFlow
161,0.5232,0.5472,162,1.0910740665027074,SynFlow
162,0.5208,0.5472,163,1.0767631483078004,SynFlow
163,0.5162,0.5519,164,1.0792843461036683,SynFlow
164,0.5184,0.5507,165,1.079236708027976,SynFlow
165,0.5194,0.5443,166,1.082565358706883,SynFlow
166,0.5196,0.5427,167,1.068967009612492,SynFlow
167,0.5332,0.5488,168,1.075362755571093,SynFlow
168,0.5284,0.5482,169,1.0756174400874547,SynFlow
169,0.5232,0.5502,170,1.06173022883279,SynFlow
170,0.522,0.5487,171,1.07237094606672,SynFlow
171,0.53,0.5447,172,1.0652733840261186,SynFlow
172,0.5216,0.5485,173,1.0725902741295952,SynFlow
173,0.513,0.545,174,1.066693525314331,SynFlow
174,0.5174,0.5496,175,1.0740962668827605,SynFlow
175,0.5198,0.5462,176,1.065738250868661,SynFlow
176,0.5282,0.5543,177,1.0627007848875862,SynFlow
177,0.5314,0.5484,178,1.066278393268585,SynFlow
178,0.5242,0.5377,179,1.0646086737087794,SynFlow
179,0.5116,0.5346,180,1.0580865270750863,SynFlow
180,0.5172,0.5369,181,1.0620895082609991,SynFlow
181,0.5086,0.5395,182,1.0647171759605407,SynFlow
182,0.5344,0.5521,183,1.06279509135655,SynFlow
183,0.513,0.5434,184,1.058948562485831,SynFlow
184,0.5174,0.5405,185,1.0519475712094988,SynFlow
185,0.519,0.5419,186,1.0488355531011309,SynFlow
186,0.5034,0.5386,187,1.054868529524122,SynFlow
187,0.544,0.5716,188,0.898607314654759,SynFlow
188,0.545,0.5712,189,0.837468924181802,SynFlow
189,0.5478,0.5702,190,0.811027604171208,SynFlow
190,0.5556,0.5717,191,0.7968530797958374,SynFlow
191,0.5494,0.5698,192,0.7876399697576251,SynFlow
192,0.5578,0.573,193,0.7815921456473214,SynFlow
193,0.5488,0.5707,194,0.7700406054088048,SynFlow
194,0.5482,0.5704,195,0.7594622680119105,SynFlow
195,0.551,0.5671,196,0.7536949569838388,SynFlow
196,0.5568,0.5711,197,0.7503213136536735,SynFlow
197,0.5574,0.5723,198,0.7400042131968907,SynFlow
198,0.5498,0.5715,199,0.7454255488940648,SynFlow
199,0.55,0.5707,200,0.7334468749591282,SynFlow
200,0.5554,0.5714,201,0.7331651071139744,SynFlow
201,0.5518,0.5726,202,0.728623971257891,SynFlow
202,0.5482,0.5688,203,0.7182431755747114,SynFlow
203,0.5554,0.5698,204,0.7208530371529716,SynFlow
204,0.5548,0.5689,205,0.7208774243082319,SynFlow
205,0.5468,0.5682,206,0.7166932088988168,SynFlow
206,0.5508,0.5684,207,0.712872314282826,SynFlow
207,0.5428,0.5687,208,0.7066768087659563,SynFlow
208,0.5458,0.5688,209,0.7076841810771397,SynFlow
209,0.5564,0.5689,210,0.6994401618412562,SynFlow
210,0.5448,0.5668,211,0.7010128889765058,SynFlow
211,0.549,0.5686,212,0.6987352163451058,SynFlow
212,0.5432,0.5704,213,0.6952096843719482,SynFlow
213,0.5594,0.5692,214,0.6936228472845894,SynFlow
214,0.556,0.5659,215,0.6867992155892508,SynFlow
215,0.5442,0.5722,216,0.6818876126834325,SynFlow
216,0.543,0.5656,217,0.6825815895625523,SynFlow
217,0.5474,0.5699,218,0.6869472367422921,SynFlow
218,0.5492,0.5693,219,0.6773212805816106,SynFlow
219,0.5416,0.568,220,0.673213552066258,SynFlow
220,0.5482,0.567,221,0.6720412135124206,SynFlow
221,0.5558,0.5683,222,0.6728552610533578,SynFlow
222,0.5432,0.5672,223,0.6716290821347918,SynFlow
223,0.5426,0.5672,224,0.6673504982675825,SynFlow
224,0.5508,0.5687,225,0.6636988898686,SynFlow
225,0.5386,0.5688,226,0.6608542248180934,SynFlow
226,0.5544,0.5682,227,0.6604556516238621,SynFlow
227,0.5434,0.5674,228,0.6585261344909668,SynFlow
228,0.5514,0.5661,229,0.6574645025389535,SynFlow
229,0.5406,0.5679,230,0.6559061513628278,SynFlow
230,0.539,0.5668,231,0.6529820358753204,SynFlow
231,0.5534,0.5667,232,0.6552918495450701,SynFlow
232,0.5426,0.5641,233,0.6466295068604605,SynFlow
233,0.539,0.5658,234,0.6486051675251552,SynFlow
234,0.5432,0.5638,235,0.6443735105650765,SynFlow
235,0.5488,0.5634,236,0.6480552612032209,SynFlow
236,0.5454,0.567,237,0.6405942274842944,SynFlow
237,0.5458,0.5617,238,0.6375182168824333,SynFlow
238,0.5434,0.5624,239,0.6446251705714634,SynFlow
239,0.548,0.5617,240,0.6397523174967085,SynFlow
240,0.545,0.5634,241,0.633757940360478,SynFlow
241,0.5474,0.5636,242,0.641558438709804,SynFlow
242,0.54,0.5647,243,0.6364029158864702,SynFlow
243,0.5454,0.5659,244,0.6297898255075727,SynFlow
244,0.5364,0.564,245,0.6280729940959385,SynFlow
245,0.5492,0.5635,246,0.6294984243597304,SynFlow
246,0.5366,0.5637,247,0.6262083702428001,SynFlow
247,0.5418,0.5616,248,0.6224672729628427,SynFlow
248,0.5454,0.567,249,0.6264612226826805,SynFlow
249,0.5438,0.5612,250,0.6221124695028577,SynFlow
0,0.1008,0.1249,1,4.1243531649453296,SNIP
1,0.165,0.1776,2,3.519412833622524,SNIP
2,0.2124,0.2442,3,3.2158473001207626,SNIP
3,0.2354,0.2675,4,2.987409962245396,SNIP
4,0.2564,0.2852,5,2.824027851649693,SNIP
5,0.2876,0.3073,6,2.726159896850586,SNIP
6,0.2926,0.3361,7,2.631481489453997,SNIP
7,0.2916,0.3291,8,2.56042142868042,SNIP
8,0.3078,0.3339,9,2.497646548407418,SNIP
9,0.316,0.3533,10,2.4600719315665107,SNIP
10,0.3304,0.3444,11,2.409686094011579,SNIP
11,0.309,0.3568,12,2.373142984935216,SNIP
12,0.3494,0.3892,13,2.33776543208531,SNIP
13,0.3356,0.3722,14,2.3024408190590995,SNIP
14,0.3446,0.3922,15,2.2840396983282907,SNIP
15,0.3616,0.4087,16,2.255735968181065,SNIP
16,0.3528,0.3878,17,2.224912796020508,SNIP
17,0.3594,0.3912,18,2.2083228642599924,SNIP
18,0.3502,0.3836,19,2.183883786201477,SNIP
19,0.3306,0.3791,20,2.168402662277222,SNIP
20,0.3612,0.4057,21,2.1544864450182235,SNIP
21,0.3886,0.4304,22,2.1397104392732893,SNIP
22,0.3734,0.4077,23,2.1245646265574862,SNIP
23,0.3592,0.3796,24,2.1090967205592563,SNIP
24,0.3684,0.396,25,2.1022626761027743,SNIP
25,0.3632,0.3943,26,2.095482055119106,SNIP
26,0.3422,0.38,27,2.072363003322056,SNIP
27,0.3754,0.4061,28,2.0711148050853185,SNIP
28,0.3712,0.4093,29,2.054866963114057,SNIP
29,0.3798,0.4056,30,2.058780773026603,SNIP
30,0.3886,0.4227,31,2.0459742968423025,SNIP
31,0.3582,0.3975,32,2.0218115268434795,SNIP
32,0.3776,0.4177,33,2.024750250407628,SNIP
33,0.39,0.4276,34,2.0142595740727014,SNIP
34,0.3858,0.4177,35,2.002170149258205,SNIP
35,0.3776,0.4091,36,2.003430209841047,SNIP
36,0.3906,0.4254,37,1.985370569910322,SNIP
37,0.398,0.4307,38,1.989892475264413,SNIP
38,0.4042,0.4369,39,1.9849504375457765,SNIP
39,0.385,0.4167,40,1.9816904422215051,SNIP
40,0.3884,0.4183,41,1.9697783953802923,SNIP
41,0.3938,0.4335,42,1.9630714845657349,SNIP
42,0.3686,0.4041,43,1.9684065886906212,SNIP
43,0.3866,0.4103,44,1.9571813951219832,SNIP
44,0.4038,0.4269,45,1.960939376694816,SNIP
45,0.4104,0.4397,46,1.947054994446891,SNIP
46,0.393,0.4494,47,1.9499605887276783,SNIP
47,0.3844,0.4172,48,1.9494996677126204,SNIP
48,0.398,0.431,49,1.9334414161954607,SNIP
49,0.406,0.4425,50,1.9295251437595915,SNIP
50,0.4056,0.4419,51,1.9239182267870223,SNIP
51,0.3972,0.4382,52,1.9233021797452652,SNIP
52,0.4032,0.4419,53,1.9227031006131852,SNIP
53,0.39,0.4331,54,1.9285573959350584,SNIP
54,0.3864,0.4239,55,1.9266211087363108,SNIP
55,0.3854,0.4194,56,1.925973925590515,SNIP
56,0.391,0.4295,57,1.911966781616211,SNIP
57,0.3966,0.4184,58,1.908817766053336,SNIP
58,0.4012,0.4374,59,1.909466565677098,SNIP
59,0.4034,0.4306,60,1.9026532547814503,SNIP
60,0.3994,0.4345,61,1.9006711980274744,SNIP
61,0.4086,0.4301,62,1.8939374085835048,SNIP
62,0.4188,0.4505,63,1.8980676521573747,SNIP
63,0.4114,0.4437,64,1.8876689631598336,SNIP
64,0.3764,0.401,65,1.8809382479531425,SNIP
65,0.3924,0.4241,66,1.880415163721357,SNIP
66,0.395,0.4312,67,1.8890508345195225,SNIP
67,0.4138,0.4432,68,1.887286056109837,SNIP
68,0.4122,0.4334,69,1.8820183719907488,SNIP
69,0.401,0.4289,70,1.8683293083735877,SNIP
70,0.3996,0.4404,71,1.866852238518851,SNIP
71,0.4176,0.4553,72,1.877407033102853,SNIP
72,0.4098,0.4446,73,1.8624189267839704,SNIP
73,0.407,0.4443,74,1.864130817822048,SNIP
74,0.4238,0.462,75,1.8667211069379532,SNIP
75,0.4082,0.45,76,1.85795736176627,SNIP
76,0.3798,0.4331,77,1.865213062422616,SNIP
77,0.4054,0.4442,78,1.863799971171788,SNIP
78,0.4146,0.4694,79,1.851751972607204,SNIP
79,0.3948,0.4368,80,1.857879719052996,SNIP
80,0.382,0.4041,81,1.8588111407416208,SNIP
81,0.4208,0.4635,82,1.8496740204947333,SNIP
82,0.4068,0.436,83,1.856783425467355,SNIP
83,0.4168,0.4608,84,1.853014451435634,SNIP
84,0.41,0.4479,85,1.8502259492874145,SNIP
85,0.4106,0.4418,86,1.842060181753976,SNIP
86,0.4156,0.4467,87,1.8472351796286448,SNIP
87,0.4094,0.4342,88,1.844482945033482,SNIP
88,0.4192,0.4517,89,1.8490539639336725,SNIP
89,0.3982,0.4328,90,1.8367497144426617,SNIP
90,0.4076,0.4392,91,1.837434426716396,SNIP
91,0.4118,0.4478,92,1.8443575062070572,SNIP
92,0.4094,0.4488,93,1.8344978271211896,SNIP
93,0.412,0.4391,94,1.8347876405715944,SNIP
94,0.4066,0.4325,95,1.828809849194118,SNIP
95,0.4116,0.45,96,1.8323049231937956,SNIP
96,0.427,0.4621,97,1.8326263291495184,SNIP
97,0.402,0.4256,98,1.8244527380807056,SNIP
98,0.4036,0.4388,99,1.828253435407366,SNIP
99,0.403,0.4545,100,1.8230496529170448,SNIP
100,0.4198,0.4473,101,1.82420944418226,SNIP
101,0.428,0.4649,102,1.8329783943721227,SNIP
102,0.4182,0.4322,103,1.811011106627328,SNIP
103,0.4038,0.4457,104,1.827038600104196,SNIP
104,0.4062,0.4374,105,1.8178590549741476,SNIP
105,0.4112,0.4645,106,1.8170829377855573,SNIP
106,0.4062,0.4376,107,1.83402304989951,SNIP
107,0.4104,0.4273,108,1.8201071119308472,SNIP
108,0.4222,0.4574,109,1.812860746383667,SNIP
109,0.4032,0.4458,110,1.8145261607851304,SNIP
110,0.3938,0.4266,111,1.815641463824681,SNIP
111,0.4062,0.4385,112,1.809772421291896,SNIP
112,0.43,0.4484,113,1.817104377065386,SNIP
113,0.4048,0.4383,114,1.826723416873387,SNIP
114,0.4096,0.4521,115,1.820852623667036,SNIP
115,0.4232,0.4507,116,1.795795715876988,SNIP
116,0.4216,0.4688,117,1.8115207597187588,SNIP
117,0.4208,0.4524,118,1.8058068370819087,SNIP
118,0.3838,0.4188,119,1.814831759589059,SNIP
119,0.3884,0.4149,120,1.8056313821247645,SNIP
120,0.4368,0.4576,121,1.8055496842520575,SNIP
121,0.4198,0.4541,122,1.8008287654604231,SNIP
122,0.417,0.4486,123,1.8043822990145,SNIP
123,0.433,0.4563,124,1.8012227828162055,SNIP
124,0.3948,0.4234,125,1.7949368170329505,SNIP
125,0.5178,0.5584,126,1.5033093077795847,SNIP
126,0.5318,0.5624,127,1.3858359677450998,SNIP
127,0.53,0.5648,128,1.3439018058776857,SNIP
128,0.537,0.5681,129,1.3176029804774694,SNIP
129,0.536,0.57,130,1.2965881109237671,SNIP
130,0.5338,0.5712,131,1.2767738396780832,SNIP
131,0.538,0.5734,132,1.263132561956133,SNIP
132,0.5462,0.5731,133,1.241854556628636,SNIP
133,0.543,0.5718,134,1.230451112474714,SNIP
134,0.5376,0.5733,135,1.2181202118737358,SNIP
135,0.537,0.5714,136,1.2148496021543231,SNIP
136,0.5458,0.5746,137,1.1962126316343036,SNIP
137,0.5296,0.5685,138,1.1920772337913512,SNIP
138,0.5396,0.5716,139,1.186075941153935,SNIP
139,0.5426,0.5719,140,1.1803605059215,SNIP
140,0.5404,0.5741,141,1.1665695377758571,SNIP
141,0.551,0.5753,142,1.1638350892066955,SNIP
142,0.5444,0.571,143,1.1507818085806711,SNIP
143,0.5432,0.5752,144,1.1494868404524667,SNIP
144,0.5422,0.5687,145,1.1439280489512853,SNIP
145,0.5458,0.5717,146,1.1402775996071952,SNIP
146,0.535,0.5668,147,1.132871297086988,SNIP
147,0.545,0.5762,148,1.1323099855014256,SNIP
148,0.5366,0.57,149,1.1308295341900416,SNIP
149,0.5378,0.5681,150,1.122566590649741,SNIP
150,0.5398,0.5671,151,1.1228135452951704,SNIP
151,0.5346,0.5625,152,1.1145651289394924,SNIP
152,0.5444,0.5697,153,1.1088796067237854,SNIP
153,0.541,0.5738,154,1.1150505137443545,SNIP
154,0.5398,0.5713,155,1.111034664767129,SNIP
155,0.5452,0.566,156,1.105286181994847,SNIP
156,0.5332,0.5668,157,1.102469997065408,SNIP
157,0.534,0.5698,158,1.1005115427289691,SNIP
158,0.5346,0.5676,159,1.0950882073811123,SNIP
159,0.5366,0.5612,160,1.1038458262171065,SNIP
160,0.531,0.5664,161,1.086618653365544,SNIP
161,0.5348,0.5489,162,1.0883370545932225,SNIP
162,0.5464,0.5701,163,1.090207595825195,SNIP
163,0.5348,0.5636,164,1.0900834788594926,SNIP
164,0.5324,0.5661,165,1.0903560692923409,SNIP
165,0.5318,0.5636,166,1.0875722915785653,SNIP
166,0.5272,0.5574,167,1.080930839266096,SNIP
167,0.5362,0.5636,168,1.0815637118475778,SNIP
168,0.5372,0.5613,169,1.0803597099440438,SNIP
169,0.5234,0.5591,170,1.076891863005502,SNIP
170,0.5328,0.5627,171,1.0741092794282097,SNIP
171,0.518,0.555,172,1.0729930860655648,SNIP
172,0.534,0.5559,173,1.0779755071231296,SNIP
173,0.5304,0.5641,174,1.076160875388554,SNIP
174,0.5348,0.5596,175,1.073692676680429,SNIP
175,0.5216,0.5638,176,1.080375689779009,SNIP
176,0.5254,0.5581,177,1.069839951992035,SNIP
177,0.5218,0.5679,178,1.0675759100914002,SNIP
178,0.5268,0.5524,179,1.0789620092936925,SNIP
179,0.5248,0.5514,180,1.0764009921891349,SNIP
180,0.5378,0.5612,181,1.067824535710471,SNIP
181,0.5276,0.5584,182,1.06507237638746,SNIP
182,0.5312,0.5587,183,1.0714629197120666,SNIP
183,0.53,0.5538,184,1.0577010597501482,SNIP
184,0.524,0.5628,185,1.059970930644444,SNIP
185,0.5266,0.5504,186,1.062412417275565,SNIP
186,0.5416,0.568,187,1.0722879331452506,SNIP
187,0.552,0.5854,188,0.9528530267306736,SNIP
188,0.5584,0.586,189,0.9104928725106376,SNIP
189,0.5606,0.5887,190,0.8955645564624242,SNIP
190,0.565,0.589,191,0.8827785243306842,SNIP
191,0.5624,0.5884,192,0.8835240289143154,SNIP
192,0.5614,0.5872,193,0.8718293281963894,SNIP
193,0.5574,0.5889,194,0.868023283141,SNIP
194,0.5576,0.5881,195,0.8673676729202271,SNIP
195,0.5684,0.5881,196,0.859957936150687,SNIP
196,0.5572,0.5877,197,0.8574516667638507,SNIP
197,0.5558,0.5865,198,0.8519107586996896,SNIP
198,0.5594,0.5881,199,0.8479460910388401,SNIP
199,0.5548,0.5887,200,0.8487311073711941,SNIP
200,0.5568,0.5903,201,0.8423864592824664,SNIP
201,0.5602,0.5876,202,0.8447814839226859,SNIP
202,0.5636,0.5872,203,0.8352015941483634,SNIP
203,0.566,0.5872,204,0.8381706278664726,SNIP
204,0.5592,0.5893,205,0.8353466861588614,SNIP
205,0.5614,0.5879,206,0.8305252194404602,SNIP
206,0.555,0.5886,207,0.8346207714080811,SNIP
207,0.5612,0.5897,208,0.8299781543867929,SNIP
208,0.5496,0.585,209,0.8286443226678031,SNIP
209,0.558,0.5865,210,0.8262550680977958,SNIP
210,0.558,0.589,211,0.8207531605448042,SNIP
211,0.5598,0.5878,212,0.8223924623216902,SNIP
212,0.5602,0.5868,213,0.8214097142219543,SNIP
213,0.561,0.5869,214,0.8172425065721785,SNIP
214,0.5612,0.5867,215,0.8179696437290737,SNIP
215,0.555,0.5898,216,0.8148641392162868,SNIP
216,0.5556,0.5874,217,0.8165197219167437,SNIP
217,0.559,0.5859,218,0.8114066096714565,SNIP
218,0.5582,0.5861,219,0.8116233025278364,SNIP
219,0.5574,0.585,220,0.8071445158549717,SNIP
220,0.5582,0.585,221,0.8094027526038033,SNIP
221,0.5574,0.5866,222,0.8052956461906433,SNIP
222,0.5646,0.5856,223,0.8088335193906512,SNIP
223,0.5576,0.5855,224,0.807848425252097,SNIP
224,0.5614,0.5841,225,0.80487765618733,SNIP
225,0.5544,0.5866,226,0.7970097654206412,SNIP
226,0.5558,0.5852,227,0.8023766023772103,SNIP
227,0.5622,0.587,228,0.8014374106270926,SNIP
228,0.5586,0.5843,229,0.8025789424351284,SNIP
229,0.5536,0.5852,230,0.7973124282700675,SNIP
230,0.5572,0.5852,231,0.7908816017423357,SNIP
231,0.5546,0.5855,232,0.7898614975384304,SNIP
232,0.5554,0.5862,233,0.7949509681974138,SNIP
233,0.5556,0.584,234,0.792941644191742,SNIP
234,0.5574,0.5863,235,0.7895715914453779,SNIP
235,0.5484,0.5863,236,0.7871884850093297,SNIP
236,0.5668,0.5841,237,0.7899953212056842,SNIP
237,0.5582,0.5836,238,0.7875099069731576,SNIP
238,0.5618,0.5853,239,0.7858590861729213,SNIP
239,0.5578,0.5855,240,0.7844069245883397,SNIP
240,0.5544,0.5875,241,0.7842565512657166,SNIP
241,0.552,0.5845,242,0.7792192070824759,SNIP
242,0.5594,0.5813,243,0.7866549921035767,SNIP
243,0.5554,0.5839,244,0.7785727964128767,SNIP
244,0.56,0.5822,245,0.7803837193761554,SNIP
245,0.5536,0.5823,246,0.7826798398154122,SNIP
246,0.552,0.585,247,0.785114552293505,SNIP
247,0.5464,0.5839,248,0.7823208437647138,SNIP
248,0.5592,0.5833,249,0.7799501374789647,SNIP
249,0.562,0.5815,250,0.7777124415125166,SNIP
0,0.0204,0.0208,1,4.611672676631383,GraSP
1,0.0412,0.0407,2,4.478376069750104,GraSP
2,0.051,0.0575,3,4.258861759730748,GraSP
3,0.0804,0.0853,4,4.06745561327253,GraSP
4,0.097,0.1124,5,3.8855468123299737,GraSP
5,0.1314,0.1449,6,3.685845564433506,GraSP
6,0.13,0.1521,7,3.505035445349557,GraSP
7,0.1686,0.1772,8,3.3208847005026683,GraSP
8,0.2156,0.2177,9,3.1527172102246968,GraSP
9,0.2272,0.2664,10,3.025639931815012,GraSP
10,0.2386,0.2683,11,2.911217786243984,GraSP
11,0.2732,0.2983,12,2.804497736522129,GraSP
12,0.2654,0.2955,13,2.73435510635376,GraSP
13,0.2512,0.2622,14,2.6638352775573733,GraSP
14,0.2884,0.3229,15,2.606828015191214,GraSP
15,0.3286,0.3548,16,2.5571469960893904,GraSP
16,0.3108,0.35,17,2.503851398740496,GraSP
17,0.3156,0.346,18,2.4654941313607357,GraSP
18,0.306,0.3363,19,2.4359475135803224,GraSP
19,0.3292,0.3543,20,2.3848922061920166,GraSP
20,0.3202,0.3395,21,2.3642287267957416,GraSP
21,0.3364,0.3685,22,2.333645463671003,GraSP
22,0.3308,0.3685,23,2.322337021146502,GraSP
23,0.363,0.3825,24,2.283867624827794,GraSP
24,0.3312,0.3561,25,2.262311838694981,GraSP
25,0.3568,0.3836,26,2.2526549673080445,GraSP
26,0.368,0.3834,27,2.2246813195092336,GraSP
27,0.3582,0.3941,28,2.2115490327562606,GraSP
28,0.3698,0.4035,29,2.178906032017299,GraSP
29,0.3712,0.4062,30,2.188337572642735,GraSP
30,0.3252,0.3579,31,2.1570117630277363,GraSP
31,0.3532,0.3816,32,2.1455993264062063,GraSP
32,0.3778,0.4113,33,2.146320812361581,GraSP
33,0.387,0.4318,34,2.122344208444868,GraSP
34,0.3836,0.4128,35,2.107892926761082,GraSP
35,0.3194,0.3511,36,2.1046446193967547,GraSP
36,0.3664,0.4063,37,2.091776411873953,GraSP
37,0.378,0.4014,38,2.0915654945373534,GraSP
38,0.3656,0.3939,39,2.079160164424352,GraSP
39,0.3772,0.3971,40,2.072521264212472,GraSP
40,0.383,0.4018,41,2.067789399283273,GraSP
41,0.369,0.408,42,2.0555025475365776,GraSP
42,0.3774,0.4174,43,2.043502572604588,GraSP
43,0.3756,0.3999,44,2.035827363559178,GraSP
44,0.3938,0.4314,45,2.0365639877319337,GraSP
45,0.382,0.4173,46,2.0255762917654856,GraSP
46,0.3932,0.4306,47,2.021457565852574,GraSP
47,0.4012,0.443,48,2.0180551181520734,GraSP
48,0.3912,0.4275,49,2.00757497719356,GraSP
49,0.3956,0.4157,50,2.00617821420942,GraSP
50,0.4114,0.4431,51,2.007975789478847,GraSP
51,0.4024,0.4461,52,1.9990429741995677,GraSP
52,0.3766,0.4166,53,2.001534466062273,GraSP
53,0.3854,0.4128,54,1.9871599796840125,GraSP
54,0.3936,0.4236,55,1.994403587750026,GraSP
55,0.4024,0.4357,56,1.9808410372052876,GraSP
56,0.3956,0.4278,57,1.9737550755909512,GraSP
57,0.3762,0.4073,58,1.9704042870657783,GraSP
58,0.3864,0.4151,59,1.96556905065264,GraSP
59,0.3806,0.4141,60,1.9660149022511075,GraSP
60,0.4076,0.4391,61,1.975891960689,GraSP
61,0.366,0.4086,62,1.964538048335484,GraSP
62,0.3924,0.4092,63,1.9739044775281636,GraSP
63,0.421,0.4455,64,1.954033458573477,GraSP
64,0.397,0.4342,65,1.9533141606194635,GraSP
65,0.408,0.4365,66,1.9463942561830796,GraSP
66,0.4022,0.4328,67,1.9466476011276248,GraSP
67,0.3806,0.4177,68,1.9542736741474696,GraSP
68,0.38,0.4194,69,1.947780054637364,GraSP
69,0.3862,0.4158,70,1.9400185639517649,GraSP
70,0.3978,0.4171,71,1.940648969241551,GraSP
71,0.3822,0.4082,72,1.933111527987889,GraSP
72,0.384,0.4238,73,1.926098955699376,GraSP
73,0.4104,0.446,74,1.9291881663458688,GraSP
74,0.4014,0.429,75,1.943784815924508,GraSP
75,0.4068,0.4359,76,1.9202345296314784,GraSP
76,0.3858,0.3966,77,1.919915398189,GraSP
77,0.3872,0.4241,78,1.925774955068316,GraSP
78,0.4006,0.4343,79,1.9132252522877284,GraSP
79,0.4058,0.4337,80,1.9129347133636476,GraSP
80,0.4226,0.4406,81,1.9273143454960413,GraSP
81,0.398,0.4385,82,1.9126084865842548,GraSP
82,0.4156,0.4495,83,1.904506902013506,GraSP
83,0.3948,0.4154,84,1.91232276235308,GraSP
84,0.403,0.4364,85,1.911178439004081,GraSP
85,0.3868,0.4214,86,1.915316333770752,GraSP
86,0.3846,0.4179,87,1.9014102288654875,GraSP
87,0.4142,0.4376,88,1.8973827763966151,GraSP
88,0.3856,0.4141,89,1.897044516972133,GraSP
89,0.3752,0.4067,90,1.900296619279044,GraSP
90,0.4312,0.448,91,1.9002539471217563,GraSP
91,0.3944,0.4295,92,1.8918699060167583,GraSP
92,0.4148,0.4449,93,1.898111551829747,GraSP
93,0.3868,0.3909,94,1.8878943075452528,GraSP
94,0.4012,0.4273,95,1.8871217271259848,GraSP
95,0.4216,0.4424,96,1.891526462009975,GraSP
96,0.4142,0.4512,97,1.8862531191962104,GraSP
97,0.3938,0.4183,98,1.8873369210106985,GraSP
98,0.3942,0.4363,99,1.887155237197876,GraSP
99,0.413,0.4503,100,1.87872757094247,GraSP
100,0.4216,0.4486,101,1.8838087177276608,GraSP
101,0.4096,0.4458,102,1.887634300504412,GraSP
102,0.407,0.4342,103,1.87568003995078,GraSP
103,0.4056,0.449,104,1.892997852052961,GraSP
104,0.3812,0.4123,105,1.876918503897531,GraSP
105,0.4192,0.4529,106,1.8867978402546477,GraSP
106,0.3972,0.4173,107,1.8672926766531808,GraSP
107,0.3984,0.4361,108,1.872751569066729,GraSP
108,0.3924,0.4133,109,1.8791049228395733,GraSP
109,0.3958,0.4302,110,1.8730001252038135,GraSP
110,0.437,0.4716,111,1.8714107867649623,GraSP
111,0.4174,0.4479,112,1.869866428375244,GraSP
112,0.428,0.4452,113,1.8725323227473667,GraSP
113,0.3788,0.4014,114,1.8765258686883108,GraSP
114,0.4116,0.445,115,1.8634476457323348,GraSP
115,0.3846,0.424,116,1.8670616926465715,GraSP
116,0.4174,0.4555,117,1.8595543806893484,GraSP
117,0.4122,0.4448,118,1.8666341250283376,GraSP
118,0.4012,0.4152,119,1.8516826949800764,GraSP
119,0.4158,0.4426,120,1.859116599219186,GraSP
120,0.3676,0.4003,121,1.8569672455106463,GraSP
121,0.4134,0.4481,122,1.8744471904209683,GraSP
122,0.4196,0.4345,123,1.849412223270961,GraSP
123,0.4012,0.4296,124,1.8449598380497525,GraSP
124,0.3998,0.4463,125,1.858464367730277,GraSP
125,0.5222,0.5521,126,1.558610063961574,GraSP
126,0.5232,0.5573,127,1.4440585449763708,GraSP
127,0.5392,0.5619,128,1.398471496445792,GraSP
128,0.5372,0.562,129,1.3642310340063912,GraSP
129,0.532,0.5633,130,1.3475240973063878,GraSP
130,0.5316,0.5644,131,1.3261689506258283,GraSP
131,0.5444,0.5659,132,1.3126120015553069,GraSP
132,0.5358,0.5664,133,1.2977881758553642,GraSP
133,0.543,0.5673,134,1.2882942642484392,GraSP
134,0.5384,0.5652,135,1.2742109107971191,GraSP
135,0.5374,0.5671,136,1.2644882770947048,GraSP
136,0.5418,0.5659,137,1.2617252152306693,GraSP
137,0.5428,0.563,138,1.245572966848101,GraSP
138,0.5406,0.5656,139,1.243560401371547,GraSP
139,0.5362,0.5684,140,1.2326930672781808,GraSP
140,0.5376,0.5687,141,1.22096853188106,GraSP
141,0.5452,0.5625,142,1.2137564665930611,GraSP
142,0.548,0.5675,143,1.2056784793308803,GraSP
143,0.5344,0.5595,144,1.2038682930810112,GraSP
144,0.5366,0.5624,145,1.19801255941391,GraSP
145,0.5348,0.5654,146,1.198297687258039,GraSP
146,0.5346,0.5626,147,1.1890843949999128,GraSP
147,0.5306,0.5609,148,1.1789765780312675,GraSP
148,0.5292,0.5606,149,1.1804647833960398,GraSP
149,0.5306,0.5593,150,1.1814875759397234,GraSP
150,0.5316,0.5633,151,1.1770728649411883,GraSP
151,0.543,0.5617,152,1.1668526516641888,GraSP
152,0.537,0.5593,153,1.1704851351465495,GraSP
153,0.534,0.5644,154,1.1587166244643077,GraSP
154,0.5334,0.5645,155,1.1594927413122995,GraSP
155,0.5312,0.5647,156,1.164924537113735,GraSP
156,0.5324,0.5555,157,1.1505087736674715,GraSP
157,0.5372,0.5674,158,1.1467354760851178,GraSP
158,0.5354,0.5577,159,1.1465374796731131,GraSP
159,0.529,0.5523,160,1.1486158347129822,GraSP
160,0.5232,0.5533,161,1.1397257147516524,GraSP
161,0.5264,0.5547,162,1.150052331856319,GraSP
162,0.5352,0.5621,163,1.1460849574634009,GraSP
163,0.5218,0.5519,164,1.1397285148075649,GraSP
164,0.5282,0.5565,165,1.1361956225122725,GraSP
165,0.5212,0.5514,166,1.1397297164372036,GraSP
166,0.5312,0.5521,167,1.138065085411072,GraSP
167,0.5254,0.5466,168,1.1388618690626962,GraSP
168,0.5278,0.5541,169,1.1373296121188572,GraSP
169,0.516,0.5357,170,1.136410868849073,GraSP
170,0.5314,0.5503,171,1.1276557459150045,GraSP
171,0.527,0.5491,172,1.1317772115979876,GraSP
172,0.5222,0.5498,173,1.127405528341021,GraSP
173,0.5314,0.5553,174,1.1341244649887086,GraSP
174,0.5198,0.5532,175,1.130400963510786,GraSP
175,0.5334,0.5545,176,1.1336912754603794,GraSP
176,0.5272,0.553,177,1.12533244064876,GraSP
177,0.529,0.5485,178,1.1289302832739694,GraSP
178,0.5324,0.5578,179,1.129179972921099,GraSP
179,0.5252,0.55,180,1.119801446369716,GraSP
180,0.532,0.5514,181,1.126054620061602,GraSP
181,0.5326,0.556,182,1.122629018851689,GraSP
182,0.5302,0.5507,183,1.1231665117400034,GraSP
183,0.5308,0.5492,184,1.1155820666040692,GraSP
184,0.5332,0.5567,185,1.119997515337808,GraSP
185,0.5236,0.5475,186,1.1100823065212797,GraSP
186,0.5212,0.5513,187,1.1197318741253444,GraSP
187,0.5484,0.5772,188,0.9974989414215087,GraSP
188,0.559,0.5801,189,0.9495586725643704,GraSP
189,0.5538,0.5801,190,0.933427608694349,GraSP
190,0.5542,0.5816,191,0.9199571786608016,GraSP
191,0.5554,0.5798,192,0.9151398161479404,GraSP
192,0.553,0.5789,193,0.908993272440774,GraSP
193,0.5538,0.5774,194,0.8993551932062421,GraSP
194,0.562,0.5781,195,0.8933924443381174,GraSP
195,0.5524,0.5795,196,0.8903371913092477,GraSP
196,0.5568,0.5753,197,0.88456994840077,GraSP
197,0.5552,0.5782,198,0.8797480739865984,GraSP
198,0.5502,0.5789,199,0.8798957974570139,GraSP
199,0.545,0.5791,200,0.8793417600222996,GraSP
200,0.5572,0.5751,201,0.8738066819735936,GraSP
201,0.5652,0.5765,202,0.8690586744035993,GraSP
202,0.5594,0.5749,203,0.8608719399997167,GraSP
203,0.5582,0.576,204,0.8655370463643756,GraSP
204,0.55,0.5742,205,0.8620802436556135,GraSP
205,0.5526,0.5773,206,0.8574329134396145,GraSP
206,0.551,0.5796,207,0.8551175802094596,GraSP
207,0.5502,0.5798,208,0.852428926399776,GraSP
208,0.5516,0.5788,209,0.84566817011152,GraSP
209,0.553,0.5798,210,0.8496399518421718,GraSP
210,0.5532,0.5774,211,0.8467746547290257,GraSP
211,0.5536,0.5771,212,0.846828647341047,GraSP
212,0.5538,0.5806,213,0.841125602040972,GraSP
213,0.556,0.5758,214,0.836841721534729,GraSP
214,0.5482,0.5767,215,0.8390677087647574,GraSP
215,0.549,0.5768,216,0.8350764121328081,GraSP
216,0.5544,0.5797,217,0.8363106843403407,GraSP
217,0.551,0.5757,218,0.8322270478521074,GraSP
218,0.5524,0.5763,219,0.8252386498451233,GraSP
219,0.5594,0.5755,220,0.8265821017537798,GraSP
220,0.55,0.5764,221,0.8226687291690281,GraSP
221,0.5566,0.5764,222,0.8273830127716064,GraSP
222,0.5524,0.5749,223,0.8267412635258266,GraSP
223,0.5548,0.5758,224,0.8213322074072702,GraSP
224,0.5546,0.576,225,0.8219456778253827,GraSP
225,0.5602,0.5759,226,0.8240536904335022,GraSP
226,0.5584,0.5768,227,0.8176696780749729,GraSP
227,0.5522,0.575,228,0.8193547364643642,GraSP
228,0.5524,0.5733,229,0.8137669764246259,GraSP
229,0.5606,0.5747,230,0.818280188356127,GraSP
230,0.5552,0.5766,231,0.8051876725469317,GraSP
231,0.545,0.5764,232,0.8087948741231645,GraSP
232,0.5516,0.5751,233,0.8107845486913409,GraSP
233,0.5488,0.5724,234,0.8101856872013637,GraSP
234,0.5566,0.5746,235,0.8067903964860099,GraSP
235,0.5504,0.5763,236,0.8073636262757438,GraSP
236,0.563,0.5764,237,0.8007915438924517,GraSP
237,0.5532,0.573,238,0.8023838676725115,GraSP
238,0.549,0.5743,239,0.8022183864457266,GraSP
239,0.5498,0.5729,240,0.8081186710085188,GraSP
240,0.5436,0.5729,241,0.7943371060916355,GraSP
241,0.5586,0.5765,242,0.7992003546442304,GraSP
242,0.548,0.5734,243,0.8022020772525242,GraSP
243,0.5538,0.574,244,0.7911970479147775,GraSP
244,0.5424,0.5758,245,0.7898625411306108,GraSP
245,0.5544,0.5772,246,0.7890902938161577,GraSP
246,0.5528,0.575,247,0.7868344463620867,GraSP
247,0.554,0.577,248,0.7894549948828561,GraSP
248,0.5498,0.5749,249,0.7885806485584804,GraSP
249,0.5582,0.5785,250,0.7879763644082206,GraSP
0,0.1116,0.1339,1,4.096468650272914,iterSNIP
1,0.1592,0.1778,2,3.5041513756343297,iterSNIP
2,0.216,0.2316,3,3.200405803407941,iterSNIP
3,0.2266,0.2517,4,2.964300275530134,iterSNIP
4,0.265,0.2837,5,2.8193968527657645,iterSNIP
5,0.2596,0.2941,6,2.6969646508353096,iterSNIP
6,0.297,0.3181,7,2.6093120084490096,iterSNIP
7,0.3206,0.3568,8,2.5313685744149343,iterSNIP
8,0.311,0.3469,9,2.470684664590018,iterSNIP
9,0.3334,0.3781,10,2.4145717975071497,iterSNIP
10,0.3504,0.3829,11,2.364024901390076,iterSNIP
11,0.3378,0.3801,12,2.3176714297703334,iterSNIP
12,0.3432,0.3776,13,2.2900285046441216,iterSNIP
13,0.3628,0.3896,14,2.2518959849221365,iterSNIP
14,0.347,0.3785,15,2.23021705354963,iterSNIP
15,0.3678,0.3967,16,2.1937944092069355,iterSNIP
16,0.3668,0.3978,17,2.166970857892718,iterSNIP
17,0.3676,0.3999,18,2.1481469678878784,iterSNIP
18,0.3562,0.3869,19,2.1320326859610423,iterSNIP
19,0.3624,0.3928,20,2.1079661880220684,iterSNIP
20,0.3516,0.3892,21,2.08353314604078,iterSNIP
21,0.3744,0.406,22,2.0647282252992905,iterSNIP
22,0.3582,0.4167,23,2.042325201034546,iterSNIP
23,0.3848,0.413,24,2.030097896712167,iterSNIP
24,0.375,0.4011,25,2.0264239597320555,iterSNIP
25,0.386,0.4183,26,2.0117223964418685,iterSNIP
26,0.3944,0.4216,27,1.991332836151123,iterSNIP
27,0.39,0.4141,28,1.992926813534328,iterSNIP
28,0.3754,0.4149,29,1.982491241863796,iterSNIP
29,0.3828,0.4169,30,1.966420718601772,iterSNIP
30,0.4202,0.4503,31,1.9705467353548325,iterSNIP
31,0.4168,0.4466,32,1.9631501531600952,iterSNIP
32,0.403,0.4427,33,1.934784379686628,iterSNIP
33,0.3944,0.4329,34,1.9332147468839371,iterSNIP
34,0.3996,0.412,35,1.9255296216692244,iterSNIP
35,0.3918,0.4246,36,1.930901505606515,iterSNIP
36,0.4066,0.4315,37,1.912710099220276,iterSNIP
37,0.3926,0.4393,38,1.9039249774387903,iterSNIP
38,0.3672,0.4054,39,1.9098980133874075,iterSNIP
39,0.4158,0.4553,40,1.8868669400896343,iterSNIP
40,0.4162,0.4518,41,1.884466086115156,iterSNIP
41,0.4166,0.4314,42,1.8806056431361609,iterSNIP
42,0.4154,0.452,43,1.8860978984832764,iterSNIP
43,0.4104,0.4449,44,1.8728081505639207,iterSNIP
44,0.4054,0.4428,45,1.863406335285732,iterSNIP
45,0.3958,0.427,46,1.8697840016228813,iterSNIP
46,0.4096,0.4469,47,1.8593041379111157,iterSNIP
47,0.397,0.4363,48,1.863318170138768,iterSNIP
48,0.4238,0.4558,49,1.8502215835026328,iterSNIP
49,0.391,0.4265,50,1.8382638440813337,iterSNIP
50,0.415,0.4415,51,1.8377834674290248,iterSNIP
51,0.4112,0.4478,52,1.8458653845105848,iterSNIP
52,0.4074,0.4414,53,1.8335416303362164,iterSNIP
53,0.396,0.4282,54,1.8340944351468769,iterSNIP
54,0.4208,0.4583,55,1.8151210369382589,iterSNIP
55,0.398,0.4469,56,1.8232960074288505,iterSNIP
56,0.4314,0.4581,57,1.820762698990958,iterSNIP
57,0.4116,0.4416,58,1.8102773584638323,iterSNIP
58,0.4064,0.4561,59,1.8104665293012348,iterSNIP
59,0.416,0.4527,60,1.821718831062317,iterSNIP
60,0.4288,0.456,61,1.815041161264692,iterSNIP
61,0.424,0.4503,62,1.8226543944222584,iterSNIP
62,0.435,0.4593,63,1.8052660839898245,iterSNIP
63,0.4142,0.4248,64,1.793394581249782,iterSNIP
64,0.4182,0.4737,65,1.790738867350987,iterSNIP
65,0.4252,0.4508,66,1.7993863916397097,iterSNIP
66,0.4028,0.4375,67,1.781888680458069,iterSNIP
67,0.4348,0.468,68,1.7947503232955933,iterSNIP
68,0.4064,0.4262,69,1.7867593009131295,iterSNIP
69,0.4194,0.4468,70,1.7799376358304706,iterSNIP
70,0.4238,0.4683,71,1.785230869565691,iterSNIP
71,0.4248,0.4544,72,1.77564560345241,iterSNIP
72,0.4188,0.4467,73,1.79397871698652,iterSNIP
73,0.4204,0.4619,74,1.7723617356164114,iterSNIP
74,0.427,0.4548,75,1.78201879296984,iterSNIP
75,0.3972,0.4262,76,1.7732676758084978,iterSNIP
76,0.4108,0.4405,77,1.7803017616271972,iterSNIP
77,0.4336,0.4686,78,1.7727537597928729,iterSNIP
78,0.418,0.4482,79,1.7652190930502756,iterSNIP
79,0.426,0.4648,80,1.7703574187414988,iterSNIP
80,0.4414,0.4673,81,1.7645445074353898,iterSNIP
81,0.3984,0.4299,82,1.7660513993671962,iterSNIP
82,0.4066,0.445,83,1.757559689113072,iterSNIP
83,0.4456,0.4732,84,1.7597797700337,iterSNIP
84,0.4172,0.452,85,1.7613052347728184,iterSNIP
85,0.4264,0.4573,86,1.7486641665867395,iterSNIP
86,0.4452,0.4783,87,1.748605136190142,iterSNIP
87,0.4356,0.4674,88,1.7453911869866507,iterSNIP
88,0.4448,0.4657,89,1.7474665812083654,iterSNIP
89,0.4034,0.4408,90,1.7521224982397896,iterSNIP
90,0.427,0.4594,91,1.7504454251698085,iterSNIP
91,0.3924,0.4288,92,1.7446531908852714,iterSNIP
92,0.4296,0.4584,93,1.7577245671408517,iterSNIP
93,0.4264,0.4534,94,1.748000932421003,iterSNIP
94,0.3908,0.426,95,1.7367620045798164,iterSNIP
95,0.4174,0.4528,96,1.7462305389131818,iterSNIP
96,0.4248,0.4617,97,1.7402047640936715,iterSNIP
97,0.4478,0.4693,98,1.7427438197817122,iterSNIP
98,0.4518,0.4699,99,1.7341278982162476,iterSNIP
99,0.4188,0.434,100,1.7387984282629831,iterSNIP
100,0.4178,0.4496,101,1.7447856766836984,iterSNIP
101,0.4328,0.4659,102,1.7431174339566913,iterSNIP
102,0.435,0.4565,103,1.736233333178929,iterSNIP
103,0.4384,0.4576,104,1.7316024671282086,iterSNIP
104,0.4194,0.441,105,1.730532350540161,iterSNIP
105,0.4142,0.445,106,1.7328809881210328,iterSNIP
106,0.4246,0.4653,107,1.7307559932981218,iterSNIP
107,0.4388,0.4565,108,1.7277470336641585,iterSNIP
108,0.4106,0.4313,109,1.7311229167665754,iterSNIP
109,0.422,0.4492,110,1.729936419895717,iterSNIP
110,0.435,0.4665,111,1.7357064431054252,iterSNIP
111,0.4176,0.4333,112,1.7253553553989955,iterSNIP
112,0.394,0.4242,113,1.7174747671399797,iterSNIP
113,0.4346,0.4696,114,1.7227032722745623,iterSNIP
114,0.4096,0.4334,115,1.7145718124934606,iterSNIP
115,0.4362,0.46,116,1.727594483920506,iterSNIP
116,0.4104,0.4354,117,1.7198765884126936,iterSNIP
117,0.4202,0.4573,118,1.703772042138236,iterSNIP
118,0.4064,0.4384,119,1.715678116253444,iterSNIP
119,0.4578,0.4795,120,1.70867814881461,iterSNIP
120,0.4428,0.4623,121,1.7193936961037772,iterSNIP
121,0.435,0.4549,122,1.7210842370986938,iterSNIP
122,0.4164,0.4542,123,1.7150468799046108,iterSNIP
123,0.4102,0.4323,124,1.7056420367104663,iterSNIP
124,0.4286,0.4528,125,1.7163965218407766,iterSNIP
125,0.537,0.5697,126,1.4048400933401926,iterSNIP
126,0.5472,0.5773,127,1.2905928904669626,iterSNIP
127,0.5554,0.5768,128,1.2469922406332834,iterSNIP
128,0.5542,0.5797,129,1.2136703981672017,iterSNIP
129,0.5508,0.5804,130,1.1978197268077306,iterSNIP
130,0.5556,0.5827,131,1.173378849710737,iterSNIP
131,0.5614,0.5859,132,1.1655056054251534,iterSNIP
132,0.5578,0.5867,133,1.1420477986335755,iterSNIP
133,0.5514,0.5823,134,1.1346767691203523,iterSNIP
134,0.5604,0.5835,135,1.118846423966544,iterSNIP
135,0.557,0.578,136,1.1120206567219326,iterSNIP
136,0.5574,0.5789,137,1.100166688646589,iterSNIP
137,0.5636,0.5884,138,1.096330144745963,iterSNIP
138,0.5566,0.5881,139,1.0897007696969168,iterSNIP
139,0.562,0.5875,140,1.0745992333548409,iterSNIP
140,0.5548,0.5862,141,1.0730046367645265,iterSNIP
141,0.5582,0.5849,142,1.0617242656435286,iterSNIP
142,0.5588,0.5802,143,1.0566417915480475,iterSNIP
143,0.5506,0.5783,144,1.054336472579411,iterSNIP
144,0.5568,0.579,145,1.048878504889352,iterSNIP
145,0.5518,0.5823,146,1.0413383858544485,iterSNIP
146,0.5552,0.5779,147,1.0331902132715498,iterSNIP
147,0.548,0.577,148,1.036722247600555,iterSNIP
148,0.5528,0.5759,149,1.0272205870492117,iterSNIP
149,0.5628,0.5788,150,1.0223848073823112,iterSNIP
150,0.5566,0.5791,151,1.0176797209467208,iterSNIP
151,0.5508,0.5783,152,1.0188719279425484,iterSNIP
152,0.5532,0.5825,153,1.0163716418402535,iterSNIP
153,0.5554,0.5796,154,1.0064320969581604,iterSNIP
154,0.5486,0.5789,155,1.00573938029153,iterSNIP
155,0.5524,0.575,156,1.0117834063938689,iterSNIP
156,0.5652,0.5822,157,0.9971937080792018,iterSNIP
157,0.5526,0.5756,158,1.0065734883717128,iterSNIP
158,0.5438,0.5771,159,1.0012646559306553,iterSNIP
159,0.5398,0.5772,160,0.9976557878085544,iterSNIP
160,0.5412,0.5732,161,0.9891041612625122,iterSNIP
161,0.551,0.5804,162,0.9985794619151525,iterSNIP
162,0.5494,0.5726,163,0.9916970474379404,iterSNIP
163,0.55,0.5779,164,0.9918152066639492,iterSNIP
164,0.5476,0.574,165,0.9865936885561262,iterSNIP
165,0.5518,0.5726,166,0.9876158945901052,iterSNIP
166,0.551,0.5754,167,0.9861101521764484,iterSNIP
167,0.547,0.576,168,0.9847152607781546,iterSNIP
168,0.5386,0.5707,169,0.9960805474008833,iterSNIP
169,0.5454,0.5759,170,0.9786233043670656,iterSNIP
170,0.5442,0.5686,171,0.9799638206618172,iterSNIP
171,0.5536,0.5752,172,0.9766304983411516,iterSNIP
172,0.5542,0.5764,173,0.9818001294136048,iterSNIP
173,0.5498,0.5749,174,0.9786145077432904,iterSNIP
174,0.5476,0.5714,175,0.9780817747116088,iterSNIP
175,0.5384,0.5736,176,0.9798146683829172,iterSNIP
176,0.5476,0.5796,177,0.9780525987488884,iterSNIP
177,0.5358,0.571,178,0.9757410464968,iterSNIP
178,0.5458,0.5716,179,0.9839176283563886,iterSNIP
179,0.5378,0.5678,180,0.9688383599690028,iterSNIP
180,0.536,0.5622,181,0.9807128368105208,iterSNIP
181,0.537,0.5722,182,0.9775425832612172,iterSNIP
182,0.5434,0.5747,183,0.9772696941239494,iterSNIP
183,0.5444,0.573,184,0.9782733576638358,iterSNIP
184,0.544,0.5705,185,0.9810985490253994,iterSNIP
185,0.5406,0.571,186,0.9709324513162886,iterSNIP
186,0.5336,0.5572,187,0.9754386360304697,iterSNIP
187,0.5712,0.5944,188,0.8586489081382751,iterSNIP
188,0.573,0.5964,189,0.8259546950885228,iterSNIP
189,0.5786,0.5971,190,0.8126445163999285,iterSNIP
190,0.5736,0.5973,191,0.8093245158876692,iterSNIP
191,0.5754,0.598,192,0.7995027068683079,iterSNIP
192,0.574,0.5963,193,0.7883222270011901,iterSNIP
193,0.5764,0.5992,194,0.790277807371957,iterSNIP
194,0.573,0.5998,195,0.7806684582574027,iterSNIP
195,0.5734,0.5963,196,0.7737685629299709,iterSNIP
196,0.5746,0.5977,197,0.7736243857656206,iterSNIP
197,0.57,0.5952,198,0.771384276321956,iterSNIP
198,0.5766,0.5949,199,0.7694994296346392,iterSNIP
199,0.5672,0.5969,200,0.768482516493116,iterSNIP
200,0.5712,0.5959,201,0.7649936859948294,iterSNIP
201,0.5778,0.5976,202,0.7612025884219579,iterSNIP
202,0.5684,0.5976,203,0.7583489513397217,iterSNIP
203,0.5682,0.595,204,0.7588851186207363,iterSNIP
204,0.5718,0.5983,205,0.7555079960823059,iterSNIP
205,0.5738,0.597,206,0.7543826593671527,iterSNIP
206,0.57,0.5982,207,0.7569948370116097,iterSNIP
207,0.5704,0.5969,208,0.7522903864724295,iterSNIP
208,0.5714,0.5989,209,0.7517209073475429,iterSNIP
209,0.5784,0.596,210,0.7478627433095659,iterSNIP
210,0.5714,0.5946,211,0.743701662336077,iterSNIP
211,0.5748,0.5966,212,0.7441419090543474,iterSNIP
212,0.5706,0.5977,213,0.7443863368034362,iterSNIP
213,0.5786,0.5954,214,0.7420038322040013,iterSNIP
214,0.5712,0.5995,215,0.7387359339850289,iterSNIP
215,0.5772,0.5953,216,0.7376066384996687,iterSNIP
216,0.571,0.5955,217,0.7367834411348615,iterSNIP
217,0.576,0.5956,218,0.7377510901859828,iterSNIP
218,0.5694,0.5949,219,0.736084691115788,iterSNIP
219,0.569,0.5962,220,0.734611246926444,iterSNIP
220,0.5698,0.5935,221,0.7271308735438755,iterSNIP
221,0.5852,0.5956,222,0.7245172095298767,iterSNIP
222,0.5768,0.5962,223,0.7296197768620082,iterSNIP
223,0.575,0.5944,224,0.7287689573424203,iterSNIP
224,0.5726,0.5944,225,0.729280400616782,iterSNIP
225,0.5686,0.5942,226,0.7251065567561559,iterSNIP
226,0.576,0.5945,227,0.724913637297494,iterSNIP
227,0.5684,0.5982,228,0.7251177218982151,iterSNIP
228,0.568,0.5915,229,0.7207221191270011,iterSNIP
229,0.5746,0.5937,230,0.7213826615469796,iterSNIP
230,0.5724,0.5926,231,0.7191970000948225,iterSNIP
231,0.576,0.5928,232,0.7185665018217904,iterSNIP
232,0.574,0.5936,233,0.7184734467097691,iterSNIP
233,0.5676,0.5948,234,0.7182631182670594,iterSNIP
234,0.5632,0.5925,235,0.7177515973363604,iterSNIP
235,0.5684,0.5951,236,0.7146587416103908,iterSNIP
236,0.5742,0.5943,237,0.7118708072389875,iterSNIP
237,0.5714,0.5934,238,0.7148729385648455,iterSNIP
238,0.5678,0.5929,239,0.712792250088283,iterSNIP
239,0.5656,0.595,240,0.7128944901057652,iterSNIP
240,0.5728,0.5969,241,0.7083049127033778,iterSNIP
241,0.5782,0.5943,242,0.7180594948359899,iterSNIP
242,0.5674,0.5939,243,0.7107550021580288,iterSNIP
243,0.571,0.5985,244,0.707915415593556,iterSNIP
244,0.5734,0.5953,245,0.706810906614576,iterSNIP
245,0.5718,0.5937,246,0.7093438410758972,iterSNIP
246,0.5728,0.593,247,0.7043108531406947,iterSNIP
247,0.5698,0.5961,248,0.69907692023686,iterSNIP
248,0.5696,0.5959,249,0.7058077148028783,iterSNIP
249,0.5684,0.5928,250,0.7061348339489528,iterSNIP
0,0.063,0.0729,1,4.368482059751238,Rand
1,0.108,0.1254,2,3.859915157045637,Rand
2,0.148,0.1674,3,3.6163649804251534,Rand
3,0.169,0.1865,4,3.4693876130240304,Rand
4,0.1856,0.2051,5,3.373950909205845,Rand
5,0.192,0.2144,6,3.308896026611328,Rand
6,0.1984,0.2251,7,3.248807570593698,Rand
7,0.1948,0.2194,8,3.2064621325901577,Rand
8,0.1972,0.2238,9,3.1755049269539968,Rand
9,0.2092,0.2362,10,3.1449730246407643,Rand
10,0.2232,0.2518,11,3.138054122924805,Rand
11,0.2102,0.2365,12,3.1060562188284737,Rand
12,0.2072,0.2372,13,3.0892886679513114,Rand
13,0.2154,0.2374,14,3.087984823499407,Rand
14,0.2024,0.2355,15,3.0722866235460558,Rand
15,0.2096,0.239,16,3.0534349387032647,Rand
16,0.2086,0.2436,17,3.0580293682643345,Rand
17,0.2122,0.2349,18,3.037117573874337,Rand
18,0.2266,0.2441,19,3.025124134336199,Rand
19,0.2174,0.2414,20,3.0229365035465787,Rand
20,0.2224,0.2567,21,3.0118393516540527,Rand
21,0.2354,0.2606,22,3.005992874417986,Rand
22,0.2256,0.2549,23,2.9928952516828264,Rand
23,0.2254,0.2509,24,2.985867122922625,Rand
24,0.2258,0.256,25,2.972466041019985,Rand
25,0.2306,0.2514,26,2.966709200995309,Rand
26,0.2366,0.2534,27,2.96770001411438,Rand
27,0.2426,0.2685,28,2.954803799220494,Rand
28,0.2272,0.2463,29,2.9515999099186487,Rand
29,0.243,0.2626,30,2.9318684891292026,Rand
30,0.2386,0.2692,31,2.938650415965489,Rand
31,0.2208,0.2592,32,2.9350336456298827,Rand
32,0.2362,0.2658,33,2.917945921761649,Rand
33,0.2362,0.2616,34,2.9214026069641115,Rand
34,0.2456,0.2696,35,2.90809539113726,Rand
35,0.2438,0.2719,36,2.8994439206804548,Rand
36,0.231,0.2585,37,2.906490058898926,Rand
37,0.2282,0.2545,38,2.9020466450282507,Rand
38,0.242,0.2761,39,2.896795531681606,Rand
39,0.244,0.2731,40,2.8897921085357665,Rand
40,0.2358,0.2513,41,2.89231356212071,Rand
41,0.234,0.2673,42,2.884325399398804,Rand
42,0.2442,0.2779,43,2.898948657172067,Rand
43,0.252,0.2831,44,2.8808251312800817,Rand
44,0.2508,0.2699,45,2.8860465621948244,Rand
45,0.2296,0.2561,46,2.877310096195766,Rand
46,0.2496,0.2767,47,2.863406483786447,Rand
47,0.2394,0.2728,48,2.866045366014753,Rand
48,0.2352,0.2637,49,2.8658826814379013,Rand
49,0.2516,0.2792,50,2.8696943732670377,Rand
50,0.2496,0.2763,51,2.861341663088117,Rand
51,0.226,0.247,52,2.8589403561183384,Rand
52,0.235,0.2512,53,2.861416206359863,Rand
53,0.2608,0.286,54,2.856919217790876,Rand
54,0.2562,0.2811,55,2.8535246658325195,Rand
55,0.2596,0.2856,56,2.8525687885284423,Rand
56,0.257,0.2838,57,2.8470908069610594,Rand
57,0.2638,0.2934,58,2.846804757799421,Rand
58,0.2418,0.266,59,2.849165318352836,Rand
59,0.2292,0.268,60,2.842390327453613,Rand
60,0.2602,0.2738,61,2.851681011744908,Rand
61,0.2388,0.2614,62,2.8334102235521588,Rand
62,0.2582,0.2835,63,2.840199428285872,Rand
63,0.2384,0.2737,64,2.846508573804583,Rand
64,0.2594,0.2842,65,2.827234948022025,Rand
65,0.2426,0.2785,66,2.833140239715576,Rand
66,0.2512,0.2789,67,2.8328469017573767,Rand
67,0.2438,0.2699,68,2.821720647811889,Rand
68,0.2406,0.2878,69,2.8246778624398368,Rand
69,0.2494,0.2738,70,2.8230493450164795,Rand
70,0.2484,0.2782,71,2.8268281745910646,Rand
71,0.2682,0.2895,72,2.822521106175014,Rand
72,0.2618,0.29,73,2.807179309300014,Rand
73,0.2386,0.2642,74,2.823960748400007,Rand
74,0.2646,0.2937,75,2.816714027949742,Rand
75,0.254,0.2849,76,2.821378243310111,Rand
76,0.2602,0.2981,77,2.812066926956177,Rand
77,0.2508,0.2816,78,2.8120205497741697,Rand
78,0.2538,0.2842,79,2.810329976763044,Rand
79,0.261,0.2937,80,2.8080003438677106,Rand
80,0.2676,0.298,81,2.812043339865548,Rand
81,0.2754,0.2948,82,2.801429352079119,Rand
82,0.2464,0.2789,83,2.801129165376936,Rand
83,0.2412,0.2736,84,2.810371118273054,Rand
84,0.2458,0.2633,85,2.800133867263794,Rand
85,0.2426,0.2735,86,2.8047453471592494,Rand
86,0.2732,0.2993,87,2.807280556815011,Rand
87,0.2464,0.2716,88,2.793797279085432,Rand
88,0.257,0.29,89,2.790475521087646,Rand
89,0.2586,0.2918,90,2.794662584577288,Rand
90,0.2556,0.2869,91,2.784184874125889,Rand
91,0.2558,0.2722,92,2.799034918376378,Rand
92,0.2632,0.2935,93,2.786780253819057,Rand
93,0.265,0.2948,94,2.7914965970175607,Rand
94,0.2704,0.2909,95,2.781536343438285,Rand
95,0.2548,0.2902,96,2.7888854122161866,Rand
96,0.2424,0.2706,97,2.780134440830776,Rand
97,0.2548,0.279,98,2.7800616754804337,Rand
98,0.2652,0.2955,99,2.7735180854797363,Rand
99,0.2658,0.2937,100,2.78059494972229,Rand
100,0.2276,0.2607,101,2.773881977626256,Rand
101,0.2526,0.2686,102,2.7815955093928744,Rand
102,0.268,0.3009,103,2.7818087019239157,Rand
103,0.269,0.299,104,2.775921792984009,Rand
104,0.2534,0.2703,105,2.774452035086496,Rand
105,0.2586,0.2934,106,2.775897411618914,Rand
106,0.2734,0.2972,107,2.767086557660784,Rand
107,0.26,0.2807,108,2.77297933442252,Rand
108,0.2612,0.2904,109,2.770523450034005,Rand
109,0.2592,0.2891,110,2.770000617163522,Rand
110,0.2554,0.2862,111,2.760652845927648,Rand
111,0.2638,0.2958,112,2.7732103088923865,Rand
112,0.2612,0.2947,113,2.7709845883505686,Rand
113,0.2682,0.3008,114,2.7676200403485978,Rand
114,0.2568,0.2771,115,2.769700974055699,Rand
115,0.2654,0.2924,116,2.7645537417275565,Rand
116,0.2466,0.2888,117,2.765205339704241,Rand
117,0.2626,0.2944,118,2.763968926838466,Rand
118,0.2634,0.2926,119,2.7561074134281704,Rand
119,0.26,0.2915,120,2.762017364501953,Rand
120,0.2316,0.2703,121,2.752114355904715,Rand
121,0.2432,0.272,122,2.757370572771345,Rand
122,0.2608,0.2965,123,2.7615619032723564,Rand
123,0.2696,0.3016,124,2.756690583910261,Rand
124,0.2616,0.2837,125,2.7574925395420617,Rand
125,0.3384,0.3678,126,2.560938252040318,Rand
126,0.339,0.3805,127,2.4688184329441616,Rand
127,0.3398,0.3821,128,2.4289181654793874,Rand
128,0.3458,0.3864,129,2.3972307695661272,Rand
129,0.3506,0.3848,130,2.3769659669058663,Rand
130,0.3518,0.3917,131,2.3659019483838764,Rand
131,0.3514,0.3895,132,2.3509076976776124,Rand
132,0.3492,0.3884,133,2.3421716785430906,Rand
133,0.3584,0.3934,134,2.3231877735682898,Rand
134,0.3502,0.3885,135,2.324416924204145,Rand
135,0.3558,0.3935,136,2.314740159170968,Rand
136,0.3508,0.3931,137,2.3012467902047296,Rand
137,0.3558,0.3928,138,2.296580330984933,Rand
138,0.36,0.3924,139,2.293115832465036,Rand
139,0.3582,0.3954,140,2.290342013495309,Rand
140,0.3524,0.3938,141,2.281115818704877,Rand
141,0.35,0.3886,142,2.2746573604856217,Rand
142,0.3524,0.3971,143,2.2736016818455287,Rand
143,0.3604,0.3987,144,2.2762409959520613,Rand
144,0.3556,0.3967,145,2.265107739312308,Rand
145,0.364,0.3938,146,2.260254829270499,Rand
146,0.3502,0.3899,147,2.257080554280962,Rand
147,0.354,0.3958,148,2.258265481676374,Rand
148,0.3534,0.3979,149,2.251366459982736,Rand
149,0.3536,0.3839,150,2.250759881564549,Rand
150,0.3594,0.394,151,2.24294689314706,Rand
151,0.3668,0.3966,152,2.2539845241819108,Rand
152,0.3618,0.3927,153,2.245742635726929,Rand
153,0.352,0.3902,154,2.2389174018587386,Rand
154,0.3606,0.3934,155,2.236727499961853,Rand
155,0.3578,0.3908,156,2.236686394555228,Rand
156,0.3578,0.3942,157,2.2330146060671123,Rand
157,0.3552,0.3911,158,2.2399109418051584,Rand
158,0.3554,0.3823,159,2.2332809039524624,Rand
159,0.3584,0.392,160,2.2306452138083324,Rand
160,0.3584,0.3882,161,2.219495028768267,Rand
161,0.3562,0.3932,162,2.225506274359567,Rand
162,0.3562,0.3923,163,2.2312150382995606,Rand
163,0.356,0.3913,164,2.2199309246880667,Rand
164,0.3536,0.3901,165,2.223838098389762,Rand
165,0.351,0.3883,166,2.221834557397025,Rand
166,0.353,0.393,167,2.224626888547625,Rand
167,0.3498,0.3878,168,2.222178775923593,Rand
168,0.3616,0.3939,169,2.2147221633366176,Rand
169,0.3484,0.3928,170,2.224620794568743,Rand
170,0.35,0.3873,171,2.2194873891557965,Rand
171,0.3544,0.3839,172,2.2183597598757063,Rand
172,0.3524,0.3887,173,2.210656382696969,Rand
173,0.352,0.3904,174,2.219593037196568,Rand
174,0.3504,0.3866,175,2.221885289464678,Rand
175,0.349,0.3889,176,2.211513359206064,Rand
176,0.3472,0.3889,177,2.216340688296727,Rand
177,0.351,0.3783,178,2.216048445701599,Rand
178,0.3502,0.3941,179,2.2100379249027795,Rand
179,0.3516,0.3845,180,2.20819671698979,Rand
180,0.3514,0.3857,181,2.211910661969866,Rand
181,0.3456,0.3818,182,2.2103562000819617,Rand
182,0.353,0.3927,183,2.207721427508763,Rand
183,0.35,0.3835,184,2.2145046343122208,Rand
184,0.3444,0.3839,185,2.2066628313064576,Rand
185,0.3464,0.3778,186,2.214738819939749,Rand
186,0.3474,0.3858,187,2.202547745023455,Rand
187,0.3784,0.4114,188,2.118268401282174,Rand
188,0.3812,0.4157,189,2.0765246765954157,Rand
189,0.373,0.4167,190,2.0478111273901805,Rand
190,0.3742,0.4199,191,2.0372390828813827,Rand
191,0.3734,0.4204,192,2.036297211647033,Rand
192,0.3772,0.4187,193,2.023637022290911,Rand
193,0.3842,0.4187,194,2.0165899160930087,Rand
194,0.381,0.4213,195,2.010794874600002,Rand
195,0.376,0.4185,196,2.007735275541033,Rand
196,0.3806,0.4183,197,2.001649787085397,Rand
197,0.3858,0.4171,198,1.995383511951992,Rand
198,0.3788,0.419,199,1.989270546776908,Rand
199,0.3822,0.4177,200,1.9900046185084752,Rand
200,0.378,0.4181,201,1.9865703528268,Rand
201,0.3758,0.4214,202,1.9901538024629863,Rand
202,0.3818,0.42,203,1.980109133720398,Rand
203,0.3758,0.4171,204,1.9765846974509105,Rand
204,0.3792,0.4197,205,1.972952560697283,Rand
205,0.3838,0.4199,206,1.967977054459708,Rand
206,0.3858,0.4213,207,1.9681356613976613,Rand
207,0.3816,0.4188,208,1.960312914167132,Rand
208,0.3762,0.4169,209,1.9617628928593227,Rand
209,0.383,0.4192,210,1.9679847615105768,Rand
210,0.3816,0.4194,211,1.9678486558369228,Rand
211,0.378,0.4202,212,1.9628193180901663,Rand
212,0.38,0.422,213,1.9567320483071464,Rand
213,0.378,0.4152,214,1.9605576515197756,Rand
214,0.3888,0.4175,215,1.9485613809313092,Rand
215,0.3864,0.4196,216,1.9614491885049004,Rand
216,0.3818,0.4184,217,1.953515247617449,Rand
217,0.3852,0.4217,218,1.9499870715822487,Rand
218,0.3788,0.4191,219,1.9562080226625715,Rand
219,0.3816,0.4207,220,1.941609788622175,Rand
220,0.381,0.4196,221,1.946196618080139,Rand
221,0.3846,0.4188,222,1.9386758783885407,Rand
222,0.3852,0.4192,223,1.9403822898864749,Rand
223,0.3824,0.4182,224,1.9441887508119853,Rand
224,0.3862,0.4213,225,1.9428218051365445,Rand
225,0.382,0.4198,226,1.9379442037854877,Rand
226,0.3872,0.4214,227,1.9337359176363265,Rand
227,0.3812,0.4223,228,1.9395862225123812,Rand
228,0.3898,0.4199,229,1.93408405985151,Rand
229,0.3822,0.4207,230,1.9402867289951868,Rand
230,0.3784,0.4195,231,1.9325652040754049,Rand
231,0.3802,0.4189,232,1.932252619607108,Rand
232,0.3804,0.419,233,1.9325450549806864,Rand
233,0.3812,0.4216,234,1.9316404621941703,Rand
234,0.3798,0.4203,235,1.9304747683661323,Rand
235,0.3752,0.4159,236,1.924510848181588,Rand
236,0.3748,0.4183,237,1.9276497186933248,Rand
237,0.3744,0.4158,238,1.9192981352124896,Rand
238,0.3804,0.4215,239,1.9261037710734776,Rand
239,0.3758,0.417,240,1.9289621700559345,Rand
240,0.3706,0.4172,241,1.925040966442653,Rand
241,0.3838,0.4175,242,1.9194210869925363,Rand
242,0.3804,0.4195,243,1.91982102394104,Rand
243,0.38,0.4197,244,1.9223733581815448,Rand
244,0.3834,0.4189,245,1.917447964804513,Rand
245,0.3734,0.4185,246,1.9121460723876955,Rand
246,0.373,0.4221,247,1.919284843717303,Rand
247,0.383,0.4197,248,1.9211001198632376,Rand
248,0.3742,0.4201,249,1.9176660299301147,Rand
249,0.3818,0.4204,250,1.909958347593035,Rand
