prune_type,layer,sparsity,sm,sm_ub,rm,rm_ub,ism,irm,ism_norm,irm_norm,t1m,t2m,ep,imax_ep,i_mean_ep,num_sub_regulars,random_factor,copeland_score,compatibility,overlap_coefs
ERK,conv1,1.0,19.59539291955365,19.595393110431434,20.02029971591056,20.020299906788345,19.59539275909596,20.020299555452873,0.9999999820705066,0.9999999824510385,96.99485778808594,1.9087778468929173e-07,0.43537414965986393,0.43537414965986393,0.43537414965986393,0.43537414965986393,-0.9896901249885559,0.9959580898284912,1.0,1.0
ERK,layer1.0.conv1,0.9959581163194444,24.611436925711445,27.584838949026874,28.878103314212026,31.851505337527456,16.970257264318423,18.24083998906726,0.894838423913292,0.8978054304336834,191.2308349609375,2.9734020233154297,0.1111111111111111,3.3684210526315788,1.3628317956852296,1.3628317956852296,-0.9792378544807434,0.9995994567871094,1.0,0.9822748655913975
ERK,layer1.0.conv2,0.9955512152777778,24.683218970486777,27.579226031491416,28.948956935822157,31.844963996826795,16.848239709257005,18.190248784055953,0.8944239599453683,0.8990755068042433,191.15342712402344,2.8960070610046387,0.1111111111111111,4.571428571428571,1.7411712424835784,1.7411712424835784,-0.9794224500656128,1.0005013942718506,1.0,0.9797700495454654
ERK,layer1.1.conv1,0.9960394965277778,25.04480711009866,27.58596626308328,29.311654484106903,31.852813637091522,16.659082228118404,18.089588446871584,0.8977730116003063,0.9033875939302755,191.2463836669922,2.541159152984619,0.1111111111111111,5.818181818181818,2.174147489936964,2.174147489936964,-0.982422947883606,1.000114917755127,1.0,0.9829890555618506
ERK,layer1.1.conv2,0.9961480034722222,24.955062573732953,27.58742207843266,29.222198127189046,31.854557631888753,16.70766455932577,18.091615041550302,0.8914622022625737,0.8964903634281222,191.26646423339844,2.632359504699707,0.1111111111111111,4.923076923076923,1.8726592649295728,1.8726592649295728,-0.981917142868042,0.999708890914917,1.0,0.9810507872503835
ERK,layer1.2.conv1,0.995849609375,24.396810573873655,27.583332104025022,28.663239645438477,31.849761175589844,16.780995062753334,18.13195296075919,0.8900210565240574,0.894995188532976,191.21005249023438,3.186521530151367,0.1111111111111111,4.571428571428571,1.7514561380107596,1.7514561380107596,-0.9774200916290283,1.0001153945922852,1.0,0.9812866711994154
ERK,layer1.2.conv2,0.9959581163194444,24.87954080010335,27.58480465317647,29.146241484454336,31.851505337527456,16.737865068351258,18.13861998669441,0.8957300449426923,0.9011428551741781,191.23036193847656,2.70526385307312,0.1111111111111111,5.333333333333333,2.0052059951143737,2.0052059951143737,-0.981220543384552,0.7384154796600342,1.0,0.98205058894261
ERK,layer2.0.conv1,0.7354329427083334,12.872021063838314,28.21753440764935,14.862620947638206,30.20813429144924,5.669142967080408,7.007384112010417,0.45793655257019134,0.516501797373856,200.05731201171875,15.345513343811035,0.2222222222222222,32.0,8.99554443359375,8.99554443359375,-0.5149364471435547,0.6596493124961853,1.0,0.09350714947550215
ERK,layer2.0.conv2,0.48486328125,5.009903698861276,27.283266812264596,9.15364807087732,31.42701118428064,2.9102465849109795,3.5939763410715844,0.2492018018391211,0.30188880900969756,187.0941619873047,22.27336311340332,0.1111111111111111,25.399999618530273,6.379572868347168,6.379572868347168,-0.1592755913734436,1.0040549039840698,1.0,0.00315058180620394
ERK,layer2.0.downsample.0,1.0,18.921899833686496,18.921911288414833,19.20667014805008,19.206681602778417,18.921909848705834,19.20667774384424,0.9999997960600477,0.9999997990837638,90.50968170166016,1.1454728337412234e-05,2.0,2.0,2.0,2.0,-0.9889514446258545,0.486328125,1.0,1.0
ERK,layer2.1.conv1,0.486328125,4.854756965620204,27.32205165861337,9.007410409027038,31.474705102020202,3.270011650607449,3.742661023704598,0.27101083622456584,0.3029764390116086,187.62362670898438,22.467294692993164,0.1111111111111111,11.545454978942871,3.9504029750823975,3.9504029750823975,-0.15509158372879028,0.9997010827064514,1.0,0.003684433477040717
ERK,layer2.1.conv2,0.4857855902777778,4.931670953145659,27.307781030049956,9.08093915124216,31.457049228146456,3.0834256669213604,3.7161530568603136,0.26398307907651747,0.3093561169988206,187.42872619628906,22.376110076904297,0.1111111111111111,18.0,5.552590847015381,5.552590847015381,-0.15721116960048676,1.003206729888916,1.0,0.0029072389908660723
ERK,layer2.2.conv1,0.4867689344618056,4.653468790773953,27.33320778918704,8.809304272370532,31.48904327078362,3.1492665645201323,3.6904191998322107,0.2635632905138064,0.3014240117221956,187.77606201171875,22.679738998413086,0.1111111111111111,14.222222222222221,4.619060039520264,4.619060039520264,-0.1492881029844284,1.0049852132797241,1.0,0.0022459541780850117
ERK,layer2.2.conv2,0.4886338975694444,4.921938314898593,27.385294332965,9.08627679943968,31.549632817506087,3.2172654972376655,3.7614688299994703,0.269582279912777,0.307105712756648,188.48858642578125,22.463356018066406,0.1111111111111111,14.222222222222221,4.599107265472412,4.599107265472412,-0.15751256048679352,0.9971541166305542,1.0,0.002408128707894305
ERK,layer2.3.conv1,0.4867757161458333,5.127225828139043,27.332006406752324,9.284483337069172,31.489263915682454,3.017160801979526,3.6866319840695203,0.2577407354774232,0.30752677737813233,187.7596435546875,22.20478057861328,0.1111111111111111,24.799999237060547,6.182323455810547,6.182323455810547,-0.16317397356033325,0.9973553419113159,1.0,0.004006347906070096
ERK,layer2.3.conv2,0.4849853515625,4.583140468237403,27.286265468237403,8.727863441725852,31.43098844172585,3.024376111763465,3.693278118285068,0.2601493156344753,0.3093821572256929,187.13507080078125,22.703125,0.1111111111111111,21.16666603088379,6.156424045562744,6.156424045562744,-0.1468135565519333,0.7473917603492737,1.0,0.002519744138539007
ERK,layer3.0.conv1,0.3621487087673611,4.379202209230058,28.035976730104082,6.320628320165724,29.977402841039748,1.4374804048433596,2.8830505337910015,0.11649382400398708,0.2219515415474444,197.50399780273438,23.656774520874023,0.2222222222222222,31.625,10.098896980285645,10.098896980285645,-0.1026722863316536,0.6639229655265808,1.0,0.0
ERK,layer3.0.conv2,0.24005126953125,-0.07652045616297087,27.178968893202264,4.016014221206376,31.27150357057161,0.921835790507568,1.6455554630234541,0.07451501124262606,0.1410819721582402,185.67408752441406,27.255489349365234,0.1111111111111111,24.700000762939453,6.949395656585693,6.949395656585693,0.0030677849426865578,1.0004383325576782,1.0,0.0
ERK,layer3.0.downsample.0,1.0,26.83425246143205,26.8342600913168,27.23813946237121,27.238147092255957,26.834245622672913,27.238139447183556,0.9999997151002368,0.9999997193247994,181.01937866210938,7.629884748894256e-06,2.0,2.0,2.0,2.0,-0.9944757223129272,0.2398410439491272,1.0,1.0
ERK,layer3.1.conv1,0.2398410373263889,0.08472922679018069,27.16499045725893,4.177470975566976,31.257732206035726,1.0083938664698089,1.561377432959942,0.08335925784852113,0.1315955911381754,185.4841766357422,27.08026123046875,0.1111111111111111,15.058823529411764,4.907235145568848,4.907235145568848,0.00017868148279376328,1.0053033828735352,1.0,0.0
ERK,layer3.1.conv2,0.2408175998263889,0.07018094813518516,27.221834237930107,4.169998367177747,31.32165165697267,1.0018448161266593,1.6610947513873124,0.08227231767120718,0.14155273767371382,186.25706481933594,27.151653289794922,0.1111111111111111,25.0,6.138797283172607,6.138797283172607,0.0004624260764103383,1.003947138786316,1.0,0.0
ERK,layer3.2.conv1,0.2414788140190972,0.18201291555875443,27.25843274588102,4.288436578427763,31.36485640875003,0.939922763925192,1.594471737679039,0.07590118577626848,0.13574068800260422,186.7555389404297,27.076419830322266,0.1111111111111111,23.0,6.2220072746276855,6.2220072746276855,-0.0015268325805664062,0.9953895211219788,1.0,0.0
ERK,layer3.2.conv2,0.2400478786892361,0.18819320477043533,27.16863906658684,4.290835527306843,31.27128138912325,1.0335481208704276,1.6651837570621222,0.08355796487841614,0.1404549277079693,185.5337371826172,26.980445861816406,0.1111111111111111,25.200000762939453,5.875707626342773,5.875707626342773,-0.0017846955452114344,1.0044846534729004,1.0,0.0
ERK,layer3.3.conv1,0.2408515082465278,-0.18693940824251243,27.21883184725065,3.9180973476049346,31.3238686030981,1.0752880648776024,1.682111167948494,0.08846896222216098,0.14197111856256248,186.21620178222656,27.405771255493164,0.1111111111111111,21.08333396911621,5.597349166870117,5.597349166870117,0.0049415696412324905,0.9993245601654053,1.0,0.0
ERK,layer3.3.conv2,0.2403174506293403,0.06223385222818578,27.19051258452799,4.160652577577583,31.288931309877388,0.8653150395022651,1.6117006101921494,0.06894804828397272,0.13910120161858092,185.83099365234375,27.128278732299805,0.1111111111111111,25.0,7.143571853637695,7.143571853637695,0.0005495813093148172,1.0015097856521606,1.0,0.0
ERK,layer3.4.conv1,0.240325927734375,0.05799331656134399,27.19384803763068,4.153631480962989,31.289486202032325,1.030506466915877,1.63572782651852,0.08525389597442848,0.1386600005932604,185.8763427734375,27.135854721069336,0.1111111111111111,18.14285659790039,5.418121814727783,5.418121814727783,0.0006749100284650922,1.0017352104187012,1.0,0.0
ERK,layer3.4.conv2,0.24041917588975695,0.13159187932718552,27.19307144780863,4.234109552757612,31.295589121239058,1.0500685323571137,1.612653753060727,0.08504263858827008,0.13556721140778524,185.86578369140625,27.061479568481445,0.1111111111111111,16.200000762939453,5.185760498046875,5.185760498046875,-0.0007304880418814719,1.0031198263168335,1.0,0.0
ERK,layer3.5.conv1,0.24088541666666666,-0.10299643039640571,27.220680632591876,4.0024085742169575,31.32608563720524,1.0507202514570821,1.635082203392017,0.08670173969715994,0.13725299050230616,186.24136352539062,27.32367706298828,0.1111111111111111,18.285714285714285,5.236213367006005,5.236213367006005,0.003445095382630825,0.9962734580039978,1.0,0.0
ERK,layer3.5.conv2,0.2397087944878472,0.01874064303375178,27.15719508028961,4.110611876170239,31.2490663134261,1.05209079999909,1.632671546240168,0.08601930656103492,0.13810930364523588,185.37831115722656,27.13845443725586,0.1111111111111111,21.16666603088379,5.406860828399658,5.406860828399658,0.0013379785232245922,0.7514623999595642,1.0,7.659313725490196e-05
ERK,layer4.0.conv1,0.1798824734157986,0.9574815904022422,27.956634727609273,2.878920323601278,29.87807346080831,-0.25396689054974547,1.2672366916446487,-0.032553808350394856,0.09911865083590361,196.3933563232422,26.99915313720703,0.2222222222222222,34.85714340209961,11.65659236907959,11.65659236907959,-0.01117253303527832,0.6663212180137634,1.0,0.0
ERK,layer4.0.conv2,0.11964458889431423,-2.3632663696283593,27.149070361328672,1.7092163728689158,31.221553103825947,0.08556559431954308,0.7080030202535367,-0.0005377758963773199,0.060358493406178104,185.26800537109375,29.51233673095703,0.1111111111111111,17.55172348022461,5.870685577392578,5.870685577392578,0.022767199203372,1.0015448331832886,1.0,0.0
ERK,layer4.0.downsample.0,1.0,38.00203282610803,38.00203338001304,38.57402797968093,38.57402853358594,38.00202291039242,38.574013245658485,0.9999995977076973,0.9999996036730403,362.03863525390625,5.539050107472576e-07,2.0,2.0,2.0,2.0,-0.9972378611564636,0.1196390762925148,1.0,1.0
ERK,layer4.1.conv1,0.11963907877604167,-2.0840789971571034,27.14570692203235,1.9910441795335316,31.220830098722985,0.09779373575208761,0.7388768141386683,-0.0002329573447498465,0.06320561499028814,185.22235107421875,29.229785919189453,0.1111111111111111,21.782608032226562,6.163308620452881,6.163308620452881,0.02007126808166504,0.9987204074859619,1.0,0.0
ERK,layer4.1.conv2,0.11930423312717015,-2.1566355099771073,27.10927368496918,1.9109596705146217,31.17686886546091,0.09466191882100475,0.6963771215092905,-0.0002554403784066138,0.05942384968431635,184.72817993164062,29.26590919494629,0.1111111111111111,19.461538314819336,5.781902313232422,5.781902313232422,0.020750032737851143,1.0092790126800537,1.0,0.0
ERK,layer4.2.conv1,0.12022654215494792,-2.1037071634512508,27.211257130982343,1.9828436191147638,31.297807913548358,0.06276348239307802,0.6870782795720434,-0.004004901473958672,0.058022486011678386,186.11312866210938,29.314964294433594,0.1111111111111111,22.590909957885742,5.99891471862793,5.99891471862793,0.02029544860124588,0.9982783198356628,1.0,0.0
ERK,layer4.2.conv2,0.1198319329155816,-2.24422069099068,27.16805271599174,1.8338482330589123,31.246121640041334,0.08047332733840508,0.6672302254666839,-0.0019111233303621992,0.056292957234590116,185.52577209472656,29.412273406982422,0.1111111111111111,23.428571701049805,5.728302001953125,5.728302001953125,0.02162018045783043,0.0,0.0,0.0
ERK,fc,1.0,16.799307470218974,16.79930760001268,25.605308981120924,25.60530911091463,16.79930204638741,25.605307190484506,0.999999885683947,0.9999999249987527,71.55418395996094,1.2979370467292028e-07,0.01953125,0.01953125,0.01953125,0.01953125,-0.9860245585441589,0.0,0.0,0.0
SynFlow,conv1,0.9851190476190477,16.740534326823084,19.44919874408993,17.160551632587236,19.86921604985408,11.385545871330283,11.846818068180315,0.8711669326369834,0.8812009298941434,95.56783294677734,2.7086644172668457,0.43537414965986393,10.666666666666666,3.8782775119617225,3.8782775119617225,-0.9558987617492676,0.9488986134529114,1.0,0.49406934024883453
SynFlow,layer1.0.conv1,0.9347059461805556,18.70299653166172,26.725754061874124,22.828426617386313,30.851184147598715,10.61570731675625,10.966226086346648,0.7594143262717974,0.7663884557612517,179.5664825439453,8.022757530212402,0.1111111111111111,8.0,2.571126791766681,2.571126791766681,-0.8456895351409912,1.0013381242752075,1.0,0.6119587664660158
SynFlow,layer1.0.conv2,0.9358723958333334,18.956214213375308,26.742464804653384,23.084285659299315,30.87053625057739,10.569746368800086,10.945126248338315,0.7538914843123375,0.76358241523575,179.78985595703125,7.786250591278076,0.1111111111111111,12.8,2.955017044244804,2.955017044244804,-0.85172438621521,1.000802993774414,1.0,0.6204519766058494
SynFlow,layer1.1.conv1,0.9365505642361112,18.802625995782943,26.752330642847152,22.932077418610472,30.88178206567468,9.86301310924185,10.416661047529743,0.7410727756503154,0.7552287210763956,179.9217987060547,7.949704647064209,0.1111111111111111,16.0,4.452880655204004,4.452880655204004,-0.8490534424781799,0.9987788796424866,1.0,0.627968938927683
SynFlow,layer1.1.conv2,0.9353298611111112,18.77788478677945,26.735078161413238,22.904343372676117,30.861536747309906,10.546236738066725,10.942007871926481,0.7624013612454708,0.7687769789598248,179.69110107421875,7.957193374633789,0.1111111111111111,12.8,3.0330069477899717,3.0330069477899717,-0.8476775884628296,0.997762143611908,1.0,0.6124519668736559
SynFlow,layer1.2.conv1,0.9331325954861112,18.647621564323547,26.703795842582824,22.768887386801268,30.825061665060545,10.579507491892773,10.938439467269529,0.7621881701193793,0.7670087811168049,179.27317810058594,8.056174278259277,0.1111111111111111,12.8,2.7771608929240132,2.7771608929240132,-0.8434165120124817,1.0020471811294556,1.0,0.6100812913408151
SynFlow,layer1.2.conv2,0.9349500868055556,18.79821901840427,26.729704671327855,22.923749979698066,30.85523563262165,10.576278853430088,10.988348859854224,0.7627869778568848,0.7715487954454279,179.61927795410156,7.931485652923584,0.1111111111111111,12.8,3.350507385961598,3.350507385961598,-0.8478296995162964,0.9289583563804626,1.0,0.6170463644883223
SynFlow,layer2.0.conv1,0.8684353298611112,18.88104168990217,30.659232302695138,21.060713189270352,32.83890380206332,8.592918986386655,9.920291177599212,0.6161218847849259,0.6546910141174667,235.99713134765625,11.778190612792969,0.2222222222222222,32.0,8.326331854944993,8.326331854944993,-0.7370259761810303,0.8595528602600098,1.0,0.34265892667443776
SynFlow,layer2.0.conv2,0.7463921440972222,14.407872240838756,33.85422996788954,19.58275361283451,39.02911133988529,6.4922758041276785,7.4804263380325535,0.4762190814286968,0.5175454098454993,287.5272216796875,19.44635772705078,0.1111111111111111,32.0,6.471006817678008,6.471006817678008,-0.4975895285606384,1.0058016777038574,1.0,0.10555506835034707
SynFlow,layer2.0.downsample.0,0.4947509765625,3.928567645451915,13.307265994450939,4.053632096654212,13.432330445653236,1.633679637581043,3.3533402041291938,0.19888534898832871,0.3378021807706154,45.27083206176758,9.378698348999023,2.0,16.0,15.9375,15.9375,-0.24074500799179077,1.5379060506820679,1.0,1.0
SynFlow,layer2.1.conv1,0.7505967881944444,14.629501068643677,33.93939372306262,19.82938009610396,39.139272750522906,6.699202181479351,7.652751824010021,0.4829174743000217,0.5221821029428402,288.9706115722656,19.309892654418945,0.1111111111111111,25.6,6.065758617515354,6.065758617515354,-0.5052374601364136,1.002692461013794,1.0,0.1100608367194932
SynFlow,layer2.1.conv2,0.7524549696180556,14.74361026872225,33.98046672929354,19.951002241152374,39.18785870172366,6.712456504513039,7.620312753726599,0.4778326349988275,0.5170824570105739,289.66802978515625,19.23685646057129,0.1111111111111111,21.333333333333332,5.94681936042645,5.94681936042645,-0.5089285373687744,0.9991907477378845,1.0,0.11413591411854866
SynFlow,layer2.2.conv1,0.7517361111111112,14.636730812110876,33.96414627841947,19.841654275497334,39.16906974180593,6.601909386272558,7.592445084575635,0.4777044393159965,0.5194690196943208,289.39080810546875,19.327415466308594,0.1111111111111111,32.0,6.617650563685095,6.617650563685095,-0.5059359669685364,1.000226378440857,1.0,0.11135906378565912
SynFlow,layer2.2.conv2,0.7517632378472222,14.672736502817848,33.965005255869606,19.877510118115588,39.169778871167345,6.777553614633725,7.709762253667018,0.4848072682072248,0.5226580372243358,289.4053955078125,19.292268753051758,0.1111111111111111,32.0,6.2279462814331055,6.2279462814331055,-0.5068467855453491,1.001350998878479,1.0,0.10952090304697784
SynFlow,layer2.3.conv1,0.7526177300347222,14.685559925776303,33.980531391840756,19.89713977956304,39.192111245627494,6.793323929837321,7.680486734085371,0.48044168293463035,0.5176945465416238,289.66912841796875,19.294971466064453,0.1111111111111111,21.333333333333332,5.593643248876877,5.593643248876877,-0.5076334476470947,0.9981460571289062,1.0,0.11462310252917537
SynFlow,layer2.3.conv2,0.7511393229166666,14.647001157408376,33.953782926207204,19.846683095461167,39.153464864259995,6.452940796719996,7.540941913405092,0.4753930614402222,0.5222571766205828,289.21484375,19.306781768798828,0.1111111111111111,32.0,7.401169189846159,7.401169189846159,-0.5058581829071045,0.7305986285209656,1.0,0.11706955638981645
SynFlow,layer3.0.conv1,0.5487636990017362,10.788921763924172,34.83609431031089,12.886352966554625,36.933525512941344,2.699006352119813,5.60196583610659,0.21446304175428937,0.37157459985801133,304.38836669921875,24.04717254638672,0.2222222222222222,42.5,18.910804748535156,18.910804748535156,-0.280713826417923,0.5635548233985901,1.0,0.01351462286815456
SynFlow,layer3.0.conv2,0.3093092176649306,7.205402741903171,33.99544180440317,8.8376561639488,35.6276952264488,1.488892911297421,4.10543876763826,0.12971203255622032,0.2944637676968258,289.9225158691406,26.7900390625,0.11382836848497391,63.75,20.74370574951172,20.74370574951172,-0.07719983160495758,1.0024710893630981,1.0,0.0
SynFlow,layer3.0.downsample.0,0.22882080078125,1.7350325201574002,12.93415590272576,1.7076480506680554,12.906771433236415,,,,,42.823097229003906,11.19912338256836,2.0,,,,-0.0500824898481369,1.4487053155899048,1.0,1.0
SynFlow,layer3.1.conv1,0.3176710340711806,6.735226483609516,33.98801884200795,8.744983709160955,35.99777606755939,1.5290521600309348,3.8490492719716545,0.13110669098985678,0.2730126715820207,289.7963562011719,27.252792358398438,0.1111111111111111,51.0,18.60219383239746,18.60219383239746,-0.07459984719753265,1.0009994506835938,1.0,0.0
SynFlow,layer3.1.conv2,0.3178643120659722,6.66847839164592,33.98196830558635,8.695280444879728,36.00877035882016,1.6037872594190847,4.016066272648181,0.13837386873890536,0.2830841545580149,289.69354248046875,27.31348991394043,0.1111111111111111,51.2,19.324546813964844,19.324546813964844,-0.07371500134468079,1.0018423795700073,1.0,0.0
SynFlow,layer3.2.conv1,0.3183763292100694,6.814958745103347,34.010133916001784,8.842704814946131,36.03787998584457,1.5888744197021345,3.879116303536726,0.13521574303678935,0.27348030799265444,290.17230224609375,27.195175170898438,0.1111111111111111,63.5,18.302478790283203,18.302478790283203,-0.07632634043693542,1.000823974609375,1.0,0.00016276041666666666
SynFlow,layer3.2.conv2,0.31854248046875,6.598525322845397,34.01563576596063,8.63021053736172,36.047320980476954,1.5770428705384292,3.8598842660345514,0.13335870059462895,0.2711123477257118,290.265869140625,27.417110443115234,0.1111111111111111,63.5,17.876243591308594,17.876243591308594,-0.0725470632314682,0.9992520809173584,1.0,0.0
SynFlow,layer3.3.conv1,0.3182322184244792,6.601565223929356,33.985991340872715,8.64526301769969,36.02968913464305,1.6383617705530134,3.979307268559115,0.14051500076479181,0.27898249723248797,289.76190185546875,27.38442611694336,0.1111111111111111,63.75,18.74665069580078,18.74665069580078,-0.07281984388828278,0.9994479417800903,1.0,0.0
SynFlow,layer3.3.conv2,0.3179558648003472,6.830354997598981,33.98756630130992,8.856765772976097,36.013977076687034,1.61716739868559,3.9655109903589456,0.13887864568821248,0.27868840790848687,289.7886657714844,27.157211303710938,0.1111111111111111,51.2,18.872371673583984,18.872371673583984,-0.0765775591135025,1.0017342567443848,1.0,0.0
SynFlow,layer3.4.conv1,0.3183644612630208,6.53822338976714,33.984895829342335,8.590533185971559,36.037205625546754,1.5745664048386139,3.8996502631698475,0.13609964860647783,0.27628537568082207,289.7432861328125,27.446672439575195,0.1111111111111111,63.25,18.387107849121094,18.387107849121094,-0.07184108346700668,0.9997028708457947,1.0,0.0
SynFlow,layer3.4.conv2,0.3181966145833333,6.559509081940604,33.99762134085174,8.589553297014739,36.02766555592587,1.5703259941088383,3.726157927454632,0.13246190904347968,0.26408098708395494,289.9595642089844,27.438112258911133,0.1111111111111111,42.666666666666664,16.282718658447266,16.282718658447266,-0.07182616740465164,1.0009005069732666,1.0,0.0
SynFlow,layer3.5.conv1,0.3184271918402778,6.709425454783599,34.02238894050137,8.727807019355566,36.04077050507334,1.52530606957456,3.892770376591449,0.1304586633254234,0.2764058124000413,290.3807373046875,27.312963485717773,0.1111111111111111,51.2,18.5775146484375,18.5775146484375,-0.07428722828626633,0.9642970561981201,1.0,0.0
SynFlow,layer3.5.conv2,0.3068813747829861,2.4079107425532484,34.162871756347194,3.627511196746383,35.38247221054033,1.4286536272099113,4.265284618893896,0.12707072300330396,0.30786217667369353,292.77545166015625,31.754961013793945,0.11120764911174774,51.0,23.14059066772461,23.14059066772461,0.022525548934936523,0.4863673448562622,1.0,0.0
SynFlow,layer4.0.conv1,0.1498192681206597,6.266534742887384,31.800044951017266,6.117980684279292,31.651490892409175,-1.4124678234439019,3.440978276731623,-0.13560101901508512,0.22216310849723817,253.8107147216797,25.533510208129883,0.5,72.14286041259766,51.952693939208984,51.952693939208984,-0.049160879105329514,0.1782875657081604,1.0,0.0
SynFlow,layer4.0.conv2,0.05989032321506076,11.155846873702004,33.289765635909035,11.030797993706926,33.16471675591396,0.10799619915266559,6.607041693763661,0.0058050746554181324,0.3520187451990513,278.0521240234375,22.13391876220703,1.0,100.80000305175781,62.26807403564453,62.26807403564453,-0.03309397026896477,0.12245652079582214,1.0,0.0
SynFlow,layer4.0.downsample.0,0.3557891845703125,4.83080301930913,22.787201029563036,4.994477412835071,22.950875423088977,-1.6322746762829539,3.171441644511304,-0.15974544529210657,0.20996374246073557,130.8141326904297,17.956398010253906,2.0,62.125,53.11153030395508,53.11153030395508,-0.1303766369819641,0.18795861303806305,1.0,1.0
SynFlow,layer4.1.conv1,0.0657992892795139,12.914130493965395,34.82675103839899,12.855360415064183,34.76798095949778,0.631286958409987,7.328026935521165,0.044673595091921606,0.375810463779459,304.22564697265625,21.912620544433594,1.0,102.0,59.837162017822266,59.837162017822266,-0.03953176736831665,0.1101292073726654,1.0,0.0
SynFlow,layer4.1.conv2,0.051169501410590276,14.374767232687084,33.58303062990388,13.415098607650002,32.6233620048668,3.038119629647781,7.8543133607896225,0.22622243103408485,0.43806766089196725,282.9549865722656,19.208263397216797,0.78515625,75.5999984741211,37.300514221191406,37.300514221191406,-0.04423358663916588,0.11684262752532959,0.9776119402985075,0.0
SynFlow,layer4.2.conv1,0.04740142822265625,12.36560652364679,32.24379179586359,11.614567063565087,31.492752335781883,0.9488471138922622,7.915325265359322,0.07333990334615115,0.4093139813596333,260.91552734375,19.878185272216797,1.2839195728302002,100.19999694824219,71.36894989013672,71.36894989013672,-0.028420202434062958,0.1946077048778534,1.0,0.0
SynFlow,layer4.2.conv2,0.0914870368109809,22.20310314493308,41.738885005284644,21.642019269765456,41.17780113011702,8.091303055133428,15.765068099706271,0.5006909196283088,0.668378447233708,436.53363037109375,19.535781860351562,0.9882583022117615,123.75,57.6984748840332,57.6984748840332,-0.07197898626327515,0.0,0.0,0.0
SynFlow,fc,0.9994140625,15.794565253963022,16.79456561159089,24.597695718342898,25.597696075970767,16.774288590465,25.538847695211928,0.9999995443053316,0.9999997006930319,71.51435852050781,1.0000003576278687,0.01953125,0.019646365422396856,0.019646365422396856,0.019646365422396856,-0.981944739818573,0.0,0.0,0.0
SNIP,conv1,0.9839498299319728,15.966250477468769,19.438751278555195,16.384795719132423,19.85729652021885,10.044064989998503,10.737750068780109,0.8282337868689774,0.8459740928449806,95.46626281738281,3.472500801086426,0.43537414965986393,16.0,5.8221302047389,5.8221302047389,-0.9425603151321411,0.8526012301445007,1.0,0.5611111111111112
SNIP,layer1.0.conv1,0.8387586805555556,8.32351739069366,25.5725084032669,11.966491312739969,29.21548232531321,6.697986371827679,7.026789218125248,0.5778264797057564,0.5936092231316139,164.48829650878906,17.248991012573242,0.1111111111111111,12.600000381469727,4.163698673248291,4.163698673248291,-0.4461445212364197,0.902887761592865,1.0,0.5269410226384965
SNIP,layer1.0.conv2,0.7813856336805556,9.747493034704455,24.96344495426012,13.070989707075874,28.28694162663154,6.2821012948121115,6.924607542568641,0.5899670878919666,0.6231705599421294,156.79339599609375,15.215951919555664,0.11408199369907379,12.8,5.8366522789001465,5.8366522789001465,-0.4787316918373108,1.0176702737808228,1.0,0.4312819848771362
SNIP,layer1.1.conv1,0.814453125,10.319704686385762,25.455202733260762,13.650873299581352,28.786371346456352,7.207985301890173,7.39109799838465,0.6022155862544052,0.6116959656907166,162.99183654785156,15.135498046875,0.1111111111111111,11.600000381469727,3.3338775634765625,3.3338775634765625,-0.510959267616272,0.8794524669647217,0.984375,0.5756935138264188
SNIP,layer1.1.conv2,0.7618815104166666,11.566136537921011,24.99919432295519,14.620416218991675,28.053474004025855,6.755453543704092,7.3728552839692485,0.6138683145594185,0.6438246694732807,157.23992919921875,13.43305778503418,0.11808118224143982,12.8,5.212560095623106,5.212560095623106,-0.5289121270179749,1.0789074897766113,1.0,0.5233830741138882
SNIP,layer1.2.conv1,0.8725314670138888,11.424813982756653,26.024804827483216,15.201488511785005,29.801479356511567,7.666639180352499,8.01822426388769,0.6313736459166223,0.6477523229433361,170.32261657714844,14.599990844726562,0.1111111111111111,15.0,4.400272846221924,4.400272846221924,-0.5897713899612427,0.9051094055175781,1.0,0.5834110903516112
SNIP,layer1.2.conv2,0.8116319444444444,14.018792330191225,25.41921347276935,17.445544672224113,28.845965814802238,6.458117445092259,7.079823587675989,0.5888977634672291,0.6242475909462445,162.5341033935547,11.400421142578125,0.11449015885591507,12.8,5.623262882232666,5.623262882232666,-0.6397858262062073,1.0419254302978516,1.0,0.5155240126254551
SNIP,layer2.0.conv1,0.8507215711805556,9.893736582598049,30.749773722490627,11.909112756288664,32.76514989618124,7.387996872412032,8.92674926711481,0.5814340244032389,0.6354947470150637,237.38714599609375,20.856037139892578,0.2170138955116272,30.25,10.280975341796875,10.280975341796875,-0.47125592827796936,0.7249916195869446,1.0,0.6179137999876758
SNIP,layer2.0.conv2,0.6286417643229166,0.8956910642548905,32.87666716899122,4.2368706929823645,36.21784679771869,5.597234653214761,6.88691203414773,0.47754502584491343,0.5374747065518208,271.21881103515625,31.980976104736328,0.11423391103744507,22.600000381469727,9.710917472839355,9.710917472839355,0.010512511245906353,0.8298590779304504,0.9761904761904762,0.3277616896509168
SNIP,layer2.0.downsample.0,0.9359130859375,12.88064955583766,18.412250984823256,13.072994673244942,18.604596102230538,7.583228857108533,10.534150444883627,0.7398769374530395,0.7985341747697984,85.75274658203125,5.531601428985596,1.984375,31.5,21.342729568481445,21.342729568481445,-0.8480328917503357,0.5991856455802917,0.968503937007874,1.0
SNIP,layer2.1.conv1,0.5757242838541666,1.2431245411308112,31.68872886547163,4.17020236088176,34.61580668522258,4.5427166899892635,6.0083894965281495,0.4143032890069667,0.4892205111158498,252.04388427734375,30.44560432434082,0.1168353259563446,31.5,11.241985321044922,11.241985321044922,0.0062042344361543655,0.9781097769737244,1.0,0.2570702842064007
SNIP,layer2.1.conv2,0.6263902452256944,6.48965738623572,32.53656671851111,9.872460094944188,35.91936942721958,5.124511186221625,6.628974565069084,0.4439397664829722,0.5162074487745298,265.65704345703125,26.04690933227539,0.11552346497774124,23.200000762939453,10.63502025604248,10.63502025604248,-0.19065986573696136,0.9954255223274231,1.0,0.2390413528214637
SNIP,layer2.2.conv1,0.6639133029513888,1.7143287897293504,33.02602770330357,5.5344429640963355,36.846141877670554,5.053171924520567,6.472063269963411,0.43565382450774404,0.503330323717422,273.67962646484375,31.31169891357422,0.11218229681253433,20.83333396911621,9.68701171875,9.68701171875,-0.026080450043082237,0.9754475355148315,1.0,0.26498372010140797
SNIP,layer2.2.conv2,0.6674940321180556,8.156985742774019,33.0788187811041,12.085943889202426,37.007776927532504,5.126653557463262,6.674215554599098,0.44147807375551723,0.5160681959648841,274.55206298828125,24.921833038330078,0.11367673426866531,21.16666603088379,10.430550575256348,10.430550575256348,-0.2651480436325073,0.9381125569343567,1.0,0.23316488754085773
SNIP,layer2.3.conv1,0.6435953776041666,0.8833250544668729,32.80208726149812,4.432006022478021,36.35076822950927,4.96090190353336,6.1400605208138135,0.4356333684881783,0.49268110126236103,269.9942321777344,31.91876220703125,0.11053089797496796,25.0,9.094886779785156,9.094886779785156,0.013796329498291016,0.9105618596076965,0.9921259842519685,0.2822843187612234
SNIP,layer2.3.conv2,0.62744140625,11.3546431949529,32.71992334632009,14.776884757197479,36.142164908564666,5.528797194825623,7.239831464097726,0.473133818400319,0.5502767709187446,268.6483459472656,21.365280151367188,0.12041392177343369,32.0,11.639033317565918,11.639033317565918,-0.3394659757614136,0.9993155002593994,1.0,0.2615083924750192
SNIP,layer3.0.conv1,0.6726718478732638,-14.08267928005425,39.79280137180122,-12.66687773844398,41.20860291341149,4.935355345692367,8.844730167703887,0.39506008467372594,0.5444117942766433,396.86676025390625,53.87548065185547,0.21883173286914825,62.5,28.70323371887207,28.70323371887207,0.6362358927726746,0.5525551438331604,0.9880478087649402,0.3348076317902302
SNIP,layer3.0.conv2,0.3922475179036458,-31.605539991923507,39.89772538893587,-30.210408223669674,41.2928571571897,3.181274788385885,6.067833705699469,0.26451248875134437,0.407367719582719,398.9571228027344,71.50326538085938,0.1253158152103424,59.5,21.698606491088867,21.698606491088867,1.1148442029953003,0.7474809288978577,0.9314516129032258,0.1250891642546171
SNIP,layer3.0.downsample.0,0.83489990234375,10.247552402299174,25.028178699296245,10.196903454293228,24.977529751290298,6.743827273036847,12.421886242264108,0.6095972017737721,0.7424264368846698,157.60243225097656,14.78062629699707,1.9609375,62.0,53.40873336791992,53.40873336791992,-0.5469797849655151,0.41949161887168884,0.9203187250996016,1.0
SNIP,layer3.1.conv1,0.3841434054904514,-37.44825774661088,39.02721374997115,-35.72492072306504,40.75055077351699,1.8807422281642945,5.233937061339449,0.1561594505587477,0.3424752954381806,381.7808532714844,76.47547149658203,0.1362907588481903,63.25,26.406448364257812,26.406448364257812,1.3277838230133057,0.6794814467430115,0.996078431372549,0.07665305859559461
SNIP,layer3.1.conv2,0.3456013997395833,-24.30757949745807,37.56835891806927,-23.31353358289185,38.562404832635494,2.068588320506116,5.349158052321194,0.17501785819211368,0.3607917854116979,353.84539794921875,61.875938415527344,0.13609781861305237,62.5,27.611658096313477,27.611658096313477,0.781671404838562,1.013838768005371,0.99609375,0.0328812780238246
SNIP,layer3.2.conv1,0.423065185546875,-46.12190998432582,39.79273234965856,-43.84016482579708,42.07447750818729,1.4719316826403042,4.561945087651253,0.11895309943161868,0.3023566033815167,396.8653869628906,85.91464233398438,0.11858076602220535,62.0,24.195587158203125,24.195587158203125,1.8825757503509521,0.7351556420326233,0.9763779527559056,0.07859302846402684
SNIP,layer3.2.conv2,0.3558400472005208,-26.964966173100976,37.929931287836524,-25.73520048885095,39.15969697208655,2.174681040148285,5.649406053611297,0.18236918775880637,0.37570398558424345,360.669921875,64.8948974609375,0.13682523369789124,62.75,29.039535522460938,29.039535522460938,0.8806990385055542,0.9613362550735474,0.9921875,0.0325400493859449
SNIP,layer3.3.conv1,0.4245673285590278,-49.2286827643659,39.52151559989191,-46.71563005808828,42.03456830616953,1.1209622224695306,4.061660433365851,0.09096851263485385,0.2717935931220609,391.487548828125,88.75019836425781,0.11608774960041046,63.25,23.704721450805664,23.704721450805664,2.062218427658081,0.7091465592384338,0.9921259842519685,0.06518456561859408
SNIP,layer3.3.conv2,0.3380991617838542,-22.56384551797396,37.54563629354948,-21.703766486718933,38.405715324804504,2.6163305444612797,6.3111052112859936,0.22009617731113965,0.41322159519288365,353.418701171875,60.10948181152344,0.14317673444747925,61.5,30.690969467163086,30.690969467163086,0.6991612315177917,1.0687841176986694,0.99609375,0.026503133034728947
SNIP,layer3.4.conv1,0.4644843207465278,-52.29994575758549,40.54837424973873,-49.10389114475149,43.744428862572725,1.1317741757711497,4.171800388450661,0.08852299542503363,0.2715343080134385,412.04266357421875,92.84832000732422,0.11495285481214523,63.5,23.409143447875977,23.409143447875977,2.2957582473754883,0.6725666522979736,0.9921875,0.06670528584513079
SNIP,layer3.4.conv2,0.3395707872178819,-22.041379957008417,37.64772984523768,-21.384942746541284,38.30416705570481,2.638069713139361,6.384532118301451,0.22047037222589944,0.4175086322642668,355.337890625,59.689109802246094,0.13822893798351288,63.25,32.11650466918945,32.11650466918945,0.7013928294181824,1.1120222806930542,0.99609375,0.029454489288735366
SNIP,layer3.5.conv1,0.4704538981119792,-48.518579936425546,40.90554573496117,-45.40625955805761,44.017866113329106,1.3918772664740189,4.264502326339108,0.1104652946533424,0.27980816742341763,419.31591796875,89.42412567138672,0.11479820311069489,63.5,21.777912139892578,21.777912139892578,2.0917670726776123,0.5725110769271851,0.99609375,0.07740601135899854
SNIP,layer3.5.conv2,0.2995147705078125,-18.39562975462791,36.66138471070412,-18.64668293529845,36.41033153003358,3.5474587779518734,7.5071812004651015,0.2861065854408543,0.4685184519211568,337.0142822265625,55.05701446533203,0.1510324478149414,64.0,32.60096740722656,32.60096740722656,0.5479476451873779,0.5340514183044434,1.0,0.017891714285660196
SNIP,layer4.0.conv1,0.1760982937282986,-14.279864479725823,39.040779898936286,-16.464276376423108,36.856368002239,2.9575333750654518,9.309301558224444,0.24374553263311918,0.5055055004915056,382.0456237792969,53.32064437866211,0.4249233901500702,98.5,62.832122802734375,62.832122802734375,0.17594200372695923,0.11686871200799942,0.9350961538461539,0.0
SNIP,layer4.0.conv2,0.03696314493815104,-3.8367907551968443,31.84796647746917,-6.142964136067992,29.541793096598024,3.937790880968221,10.90443568987693,0.32401430228228467,0.572819869745895,254.5732421875,35.684757232666016,1.0410256385803223,94.25,70.82142639160156,70.82142639160156,0.009246081113815308,0.05521947890520096,0.8300492610837439,0.0
SNIP,layer4.0.downsample.0,0.6642303466796875,4.926240119244483,33.37146297385874,4.003977575393378,32.449200430007636,6.964326284876925,15.374675586910982,0.5453306977145409,0.7264902510667819,279.41363525390625,28.445222854614258,1.7817460298538208,108.0,86.30148315429688,86.30148315429688,-0.22427016496658325,0.03560712933540344,0.7505567928730512,1.0
SNIP,layer4.1.conv1,0.02098634507921007,-9.124786066837064,26.330047917537936,-12.01912847660531,23.43570550776969,1.1627438449292988,6.2317440913449476,0.11333053803121189,0.40727197002670196,174.31785583496094,35.454833984375,1.1305638551712036,64.5999984741211,59.0444450378418,59.0444450378418,0.021525375545024872,0.09527590870857239,0.8818897637795275,0.0
SNIP,layer4.1.conv2,0.024154239230685763,-12.322302349025463,27.111787311619068,-15.33446842053889,24.09962124010564,1.8535306673689114,8.958565621948043,0.16085639167693025,0.48093242825406957,184.7622528076172,39.43408966064453,1.3531156778335571,83.4000015258789,83.0,83.0,0.03796499967575073,0.11638721078634262,0.793859649122807,0.0
SNIP,layer4.2.conv1,0.0226393805609809,-8.805129210778428,27.011841614416884,-11.885355069671473,23.93161575552384,1.1425837151566647,6.8177474030945575,0.10972082236346191,0.4237595257767184,183.40989685058594,35.81697082519531,1.0245901346206665,66.19999694824219,66.19999694824219,66.19999694824219,0.02182050794363022,0.11501863598823547,0.912,0.0
SNIP,layer4.2.conv2,0.029518975151909724,-12.0602366132835,28.71238835619892,-14.645480548820089,26.127144420662333,,,,,207.10031127929688,40.77262496948242,1.4298245906829834,,,,0.04136643558740616,0.0,0.0,0.0
SNIP,fc,0.88984375,10.032182197067492,16.114356498214953,18.109956979519893,24.192131280667354,5.990044084452477,7.509638610326094,0.620173128994551,0.6277300326312623,65.91812133789062,6.082174301147461,0.020283976569771767,1.25,0.4477784919455269,0.4477784919455269,-0.7493032217025757,0.0,0.0,0.0
GraSP,conv1,0.5147746598639455,4.568722342709631,14.059427832821935,4.802625543387698,14.293331033500003,2.0892132072895295,2.676631603986474,0.2853180772498319,0.34065117070855405,50.41687774658203,9.490705490112305,0.43537414965986393,12.600000381469727,6.762901782989502,6.762901782989502,-0.27230432629585266,0.9633556008338928,1.0,0.0
GraSP,layer1.0.conv1,0.4924045138888889,3.6999559297726385,19.436625470177912,6.598722732806657,22.33539227321193,2.7896992429564826,3.020429871941454,0.30496762670565014,0.3241129526589677,95.44560241699219,15.736669540405273,0.1111111111111111,12.8,3.456726709571026,3.456726709571026,-0.16474467515945435,1.0131341218948364,1.0,0.005890620394930739
GraSP,layer1.0.conv2,0.4982367621527778,3.834610377724939,19.56393281119662,6.7393713427414,22.46869377621308,2.7288088056591886,2.976937742158653,0.3027081657186078,0.32526023904411777,96.6868667602539,15.72932243347168,0.1111111111111111,12.8,3.771298408508301,3.771298408508301,-0.17087793350219727,1.00056791305542,1.0,0.0027038897156084654
GraSP,layer1.1.conv1,0.4976671006944444,3.930438690029277,19.542438201748027,6.843708939990989,22.45570845170974,2.756283768825352,2.9364351906743367,0.29972250210109325,0.31574965298797486,96.47672271728516,15.61199951171875,0.1111111111111111,9.142857142857142,3.0061766900180507,3.0061766900180507,-0.17509609460830688,0.9800854921340942,1.0,0.002233568235723408
GraSP,layer1.1.conv2,0.48779296875,3.7955415329080644,19.377604254160506,6.657247327769792,22.239310049022233,2.7954064409465036,2.964723691967496,0.3036610059285138,0.3177893643858458,94.87288665771484,15.582062721252441,0.11149825900793076,7.111111111111111,2.790068874862539,2.790068874862539,-0.1669963151216507,1.022640347480774,1.0,0.00858488163906883
GraSP,layer1.2.conv1,0.4997287326388889,3.810075072325162,19.56765201476901,6.745090311636609,22.502667254080457,2.900332779245438,3.1347385945978488,0.31483004594422864,0.3349553697496727,96.72325134277344,15.757576942443848,0.1111111111111111,10.666666666666666,3.3945504251713636,3.3945504251713636,-0.17121151089668274,0.9939361214637756,1.0,0.004118461809994068
GraSP,layer1.2.conv2,0.4963650173611111,4.041366262582876,19.509709997324087,6.957655810428825,22.425999545170036,2.748868150698286,2.992129531688522,0.3044622456648681,0.32551721931613425,96.15719604492188,15.468343734741211,0.1111111111111111,12.8,3.7367334365844727,3.7367334365844727,-0.17960765957832336,0.9967633485794067,1.0,0.003635759794164967
GraSP,layer2.0.conv1,0.4939507378472222,5.6704149100650305,23.173396095978116,7.223267402573917,24.726248588487003,2.602474029702716,3.5025402333176205,0.24987074801357226,0.31632746134114464,135.25157165527344,17.502981185913086,0.2222222222222222,21.0,7.499260902404785,7.499260902404785,-0.2082037627696991,0.9459325075149536,1.0,0.006656673552042789
GraSP,layer2.0.conv2,0.4720730251736111,5.1410182966244555,27.14359893932465,9.05640821829001,31.058988860990205,3.05240138789882,3.702481913165204,0.2643463969887121,0.31102311890123074,185.19374084472656,22.002580642700195,0.11257695406675339,21.333333333333332,5.860545635223389,5.860545635223389,-0.15636642277240753,0.9868136644363403,1.0,0.0022337213218034885
GraSP,layer2.0.downsample.0,0.505615234375,4.06080797905819,13.45727900261776,4.18587569313576,13.58234671669533,1.287982692454988,3.2061498963494155,0.16776964866092622,0.3338746576055928,46.27458953857422,9.39647102355957,2.0,21.333333333333332,20.16666603088379,20.16666603088379,-0.2506875991821289,0.9525594711303711,1.0,1.0
GraSP,layer2.1.conv1,0.4752604166666667,5.0621095561605784,27.15653094287933,9.03867931927767,31.13310070599642,2.9186786697217135,3.5889549422565765,0.25136383456672073,0.30197128370411974,185.36929321289062,22.09442138671875,0.11169284582138062,25.399999618530273,6.029792785644531,6.029792785644531,-0.15567700564861298,1.0147031545639038,1.0,0.006311175620997021
GraSP,layer2.1.conv2,0.4857923719618056,4.897368384795286,27.369704200224973,8.988386660278746,31.460722475708433,3.2036747019939127,3.7733744194062546,0.268710458035296,0.30920784999414647,188.27517700195312,22.472335815429688,0.11120764911174774,15.875,4.90159797668457,4.90159797668457,-0.15455219149589539,1.0093283653259277,1.0,0.0036838071482435644
GraSP,layer2.2.conv1,0.4903700086805556,5.1302290747591925,27.44830234746427,9.28785840497509,31.605931677680168,3.142325371298041,3.6793606596251163,0.2646843588343142,0.3024913389850973,189.35232543945312,22.318073272705078,0.1111111111111111,16.0,4.590907096862793,4.590907096862793,-0.1634843349456787,1.0081262588500977,1.0,0.004172389738062866
GraSP,layer2.2.conv2,0.4939439561631944,5.048107123259616,27.55015180099399,9.222950159702606,31.72499483743698,3.305572225059749,3.839142553743527,0.2734170053322328,0.31039143230827965,190.75271606445312,22.502044677734375,0.11120764911174774,18.285714285714285,4.612884521484375,4.612884521484375,-0.16183426976203918,0.9855711460113525,1.0,0.002826155951873958
GraSP,layer2.3.conv1,0.4867621527777778,4.91618826375764,27.400872254236155,9.004138877461727,31.488822867940243,3.2118229629890744,3.8164175189646636,0.27282693586347834,0.3151439103132023,188.7019500732422,22.484683990478516,0.1111111111111111,21.16666603088379,5.5718183517456055,5.5718183517456055,-0.1550167202949524,0.9805562496185303,1.0,0.005254141902432588
GraSP,layer2.3.conv2,0.4805433485243056,5.228962779012036,27.2813462018636,9.26115059824648,31.313534021098043,3.0520204895817673,3.676382889765291,0.26124761551525394,0.3062707314815133,187.06796264648438,22.052383422851562,0.1118881106376648,15.5,5.29259729385376,5.29259729385376,-0.16244298219680786,0.9918520450592041,1.0,0.004121383110472475
GraSP,layer3.0.conv1,0.4795057508680556,6.076536964417521,32.400589775086466,8.191851043241016,34.51590385390996,2.2949578257077135,4.310330206385867,0.17192056524556162,0.2983779922589459,263.4495544433594,26.324052810668945,0.2222222222222222,36.14285659790039,14.0585298538208,14.0585298538208,-0.1586579978466034,0.8191017508506775,1.0,0.0034947610310862268
GraSP,layer3.0.conv2,0.3994106716579861,-6.510198999477041,36.18721158401905,-2.1489289359322825,40.54848164756381,2.4975785486299547,3.9265364378373637,0.18592802904740544,0.2755114801907569,328.3785705566406,42.697410583496094,0.11479820311069489,31.75,9.935709953308105,9.935709953308105,0.18570926785469055,0.9502573013305664,0.98828125,0.003671279149621192
GraSP,layer3.0.downsample.0,0.49822998046875,5.6819483485496605,18.97877280381089,5.875450061507387,19.172274516768617,0.6777667160235119,4.047975492844333,0.06815255009281661,0.3098124436707005,91.04845428466797,13.29682445526123,2.0,42.0,31.25055503845215,31.25055503845215,-0.2485252469778061,0.8021547198295593,0.98828125,1.0
GraSP,layer3.1.conv1,0.4038662380642361,-4.993536416455903,36.263982351854644,-0.4264405118577912,40.831078256452756,2.047378146620918,3.7497438508891685,0.14835282977789618,0.26282380759551827,329.76910400390625,41.25751876831055,0.11604714393615723,36.42856979370117,12.530625343322754,12.530625343322754,0.13959163427352905,0.9990721940994263,1.0,0.002256706214452186
GraSP,layer3.1.conv2,0.4244723849826389,2.8820211008979086,36.96035209455025,7.7364765845444765,41.81480757819682,2.8611390545656703,4.338991402746701,0.1988829914347957,0.28723193561700827,342.51690673828125,34.078330993652344,0.11500449478626251,27.11111068725586,9.005434036254883,9.005434036254883,-0.051608748733997345,0.9883201122283936,1.0,0.0027043278554965923
GraSP,layer3.2.conv1,0.43475341796875,-9.325894629954973,37.023585045337995,-4.179183811624611,42.17029586366836,2.254984543531047,3.710196569022478,0.15821669201290514,0.25423638043521396,343.68646240234375,46.34947967529297,0.11183923482894897,42.0,10.57761287689209,10.57761287689209,0.2635723352432251,0.9598705768585205,1.0,0.0027805297573696105
GraSP,layer3.2.conv2,0.4242706298828125,5.93844079119539,37.04323052508211,10.829140868148599,41.93393060203532,2.9374495541519154,4.457054214243805,0.20317047913721598,0.2921924071700117,344.05023193359375,31.10478973388672,0.1178094819188118,28.33333396911621,9.174368858337402,9.174368858337402,-0.11714662611484528,0.9723731279373169,1.0,0.0029896130369703117
GraSP,layer3.3.conv1,0.4377204047309028,-11.239217431205503,37.07183298383356,-6.012947304055537,42.298103110983526,2.21518747123586,3.6444921245855095,0.15697677730656753,0.24764426114535867,344.5802001953125,48.31105041503906,0.11149825900793076,42.33333206176758,9.759769439697266,9.759769439697266,0.3220111131668091,0.9387483596801758,1.0,0.0036498810609382278
GraSP,layer3.3.conv2,0.4169752332899306,5.98234811095886,36.871050503536985,10.69189448033925,41.580596872917376,2.6897332825576914,4.336166627098394,0.187824270228658,0.28942702921516944,340.86859130859375,30.888702392578125,0.1180267408490181,30.875,10.60140609741211,10.60140609741211,-0.11436501890420914,1.0155463218688965,1.0,0.0027248103356787763
GraSP,layer3.4.conv1,0.4497341579861111,-8.98896611869884,37.42542063056874,-3.547434406277773,42.866952342989805,2.3587682174095104,3.8863525866817694,0.1652702272067317,0.2604987142619143,351.16552734375,46.41438674926758,0.11130435019731522,42.16666793823242,10.410727500915527,10.410727500915527,0.25222575664520264,0.9390238523483276,1.0,0.002846956381264063
GraSP,layer3.4.conv2,0.425445556640625,6.00070458682174,37.05145150454635,10.892051454299633,41.94279837202424,2.5959808526915635,4.35794417297855,0.18088557263204555,0.29208131208595434,344.2025146484375,31.05074691772461,0.1167350634932518,42.5,12.687397956848145,12.687397956848145,-0.11797820031642914,1.0019961595535278,1.0,0.003287453337921442
GraSP,layer3.5.conv1,0.4483930799696181,-7.394014573787828,37.4227655165442,-2.013974979443418,42.80280511088861,2.398996493349475,3.9011938665952655,0.16557192412353142,0.2606993905523008,351.1158447265625,44.81678009033203,0.11130435019731522,42.666666666666664,10.49260139465332,10.49260139465332,0.2061629295349121,0.9111064076423645,1.0,0.002734135692407523
GraSP,layer3.5.conv2,0.4134640163845486,5.678601426467395,36.67706410346935,10.406160176969806,41.40462285397176,2.4638499148097663,4.188084044280229,0.17353223713497135,0.2837312959470746,337.3017578125,30.998462677001953,0.1180267408490181,36.28571319580078,11.599935531616211,11.599935531616211,-0.10870838165283203,0.43557628989219666,1.0,0.003030571369978603
GraSP,layer4.0.conv1,0.1758541531032986,4.357677844635909,35.34854355203337,4.227226189405414,35.218091896802875,0.8644133519392888,5.01425954910041,0.060160071515998885,0.292329816662097,313.3798828125,30.99086570739746,0.46123650670051575,74.83333587646484,29.514747619628906,29.514747619628906,-0.04883195459842682,0.09839077293872833,0.9914893617021276,0.0
GraSP,layer4.0.conv2,0.035291035970052086,3.440971890039176,27.863722363061637,2.2505233716591917,26.673273844681653,-0.27525318147117395,4.7179578239224735,-0.02769915353471494,0.2922754306419554,195.0967559814453,24.42275047302246,0.9978540539741516,63.42856979370117,49.465538024902344,49.465538024902344,-0.00891174841672182,0.09387790411710739,0.9483870967741935,0.0
GraSP,layer4.0.downsample.0,0.4332733154296875,7.088748456758214,25.799155713838292,7.120381881660897,25.830789138740975,-0.6268868331599857,5.136503220542868,-0.058510347784864296,0.309767622403786,167.39910888671875,18.710407257080078,1.828125,76.66666412353516,64.36610412597656,64.36610412597656,-0.2367459237575531,0.0787019357085228,0.9423076923076923,1.0
GraSP,layer4.1.conv1,0.031052483452690974,2.3268666043982726,26.926567532132648,1.0860151702544059,25.68571609798878,-0.2829183661348058,4.636395830002815,-0.02772733012449592,0.2940406574484682,182.260009765625,24.599700927734375,1.002267599105835,69.33333587646484,49.41812515258789,49.41812515258789,-0.006800300441682339,0.11914494633674622,0.9751131221719457,0.0
GraSP,layer4.1.conv2,0.036511739095052086,4.975908828567388,28.064776016067388,4.11383336256938,27.20270055006938,-0.7258760353609286,4.962023458286684,-0.06639910551619538,0.2936172039394189,197.9079132080078,23.0888671875,1.1577726602554321,80.16666412353516,59.73142623901367,59.73142623901367,-0.011045217514038086,0.10050317645072937,0.9819639278557114,0.0
GraSP,layer4.2.conv1,0.035054524739583336,0.527043508885285,27.665795492527863,-0.7257740122922129,26.412977971350365,-0.39259678148559374,4.538322490536547,-0.03831873211872415,0.28879687878711746,192.34906005859375,27.138751983642578,0.9265305995941162,60.71428680419922,50.190250396728516,50.190250396728516,-0.0020158456172794104,0.11367084085941315,0.9625550660792952,0.0
GraSP,layer4.2.conv2,0.0385589599609375,7.408599141214744,28.636378529642478,6.517190052171323,27.744969440599057,-0.5595751621626237,5.123553274372378,-0.05184744518573267,0.29489356220611057,206.0105438232422,21.227779388427734,1.1503416299819946,82.0,55.10773849487305,55.10773849487305,-0.016404060646891594,0.0,0.0,0.0
GraSP,fc,0.521484375,0.04499192617310932,12.384519056300062,6.037992838009817,18.37751996813677,2.3065853988599216,3.1293971139066534,0.3218426303500742,0.39444291445301805,39.344078063964844,12.339527130126953,0.01976284570991993,0.8333333333333334,0.25475661735927513,0.25475661735927513,0.02127089537680149,0.0,0.0,0.0
iterSNIP,conv1,0.9845875850340136,16.206426005855544,19.444712977901442,16.625512084554448,19.863799056600346,9.949718695591606,10.73674190609854,0.8288795325713509,0.8502836831667165,95.52421569824219,3.2382869720458984,0.43537414965986393,16.0,7.322751322751323,7.322751322751323,-0.9472492337226868,0.8783663511276245,1.0,0.5993001629757454
iterSNIP,layer1.0.conv1,0.8511013454861112,9.3561598362683,25.688358932947988,13.27400520815511,29.606204304834797,7.438505754971166,7.6879615750229595,0.601749312546713,0.611362986658483,165.9729461669922,16.332199096679688,0.109375,10.5,2.918447971343994,2.918447971343994,-0.5146377682685852,0.935809850692749,1.0,0.5202621470661645
iterSNIP,layer1.0.conv2,0.8025987413194444,10.5493883719937,25.12476678996245,14.063020771268597,28.638399189237347,5.943907673895343,6.565877056514266,0.5622171344561625,0.5985064311529735,158.8134765625,14.57537841796875,0.11307420581579208,12.8,5.907922267913818,5.907922267913818,-0.523230791091919,1.0611768960952759,1.0,0.4166349802076542
iterSNIP,layer1.1.conv1,0.8241373697916666,11.328249582448269,25.621155389943386,15.195079668638932,29.48798547613405,7.68210909903371,7.9505214672728695,0.632245023998207,0.6429812981397078,165.11090087890625,14.292905807495117,0.1059027761220932,12.199999809265137,3.4480385780334473,3.4480385780334473,-0.5979942679405212,0.941731333732605,1.0,0.5845158348896009
iterSNIP,layer1.1.conv2,0.7832573784722222,13.07799306392183,25.161641745562456,16.34969109671782,28.433339778358445,6.661687089001347,7.276156459835409,0.6060296168992617,0.6369819114942229,159.2770538330078,12.083648681640625,0.11764705926179886,12.8,5.234517574310303,5.234517574310303,-0.5934293270111084,1.0601402521133423,1.0,0.4941952179909577
iterSNIP,layer1.2.conv1,0.8781467013888888,10.666895985958842,26.043426633236674,14.521265944832592,29.897796592110424,7.808305167088262,8.079162052157583,0.6264906683102099,0.6382719494931001,170.5650177001953,15.376530647277832,0.1111111111111111,12.600000381469727,3.2340643405914307,3.2340643405914307,-0.5650767683982849,0.9216222763061523,1.0,0.5856228946661756
iterSNIP,layer1.2.conv2,0.8232693142361112,13.832031658678886,25.464977673083183,17.33538826915371,28.968334283558008,6.802092680453264,7.3899088461215,0.6127798199054484,0.6414382960417988,163.11627197265625,11.632946014404297,0.1118881106376648,12.8,5.326246738433838,5.326246738433838,-0.6424869894981384,1.0678597688674927,1.0,0.49372770266658605
iterSNIP,layer2.0.conv1,0.8502875434027778,11.422894683164085,30.796170440000022,13.564994684964134,32.93827044180007,7.777731331688326,9.386811306199668,0.6131077143506888,0.6653968960869935,238.1010284423828,19.373275756835938,0.2135416716337204,30.25,10.873106956481934,10.873106956481934,-0.5411431193351746,0.7586231231689453,1.0,0.6181884930833924
iterSNIP,layer2.0.conv2,0.6480780707465278,0.25428495922086825,33.16322050609587,3.909501689407705,36.818437236282705,5.607291150336224,6.942064530813345,0.4783981965067086,0.5387868007713712,275.9497985839844,32.908935546875,0.11527904868125916,31.0,9.93930435180664,9.93930435180664,0.025709999725222588,0.8310264945030212,0.9920634920634921,0.33604043205537837
iterSNIP,layer2.0.downsample.0,0.9407958984375,13.036924189493401,18.456724947855218,13.264948458403513,18.68474921676533,8.330083917663734,11.282709148348147,0.8088884348759712,0.8477414464854028,86.16267395019531,5.419800758361816,1.96875,42.0,21.475000381469727,21.475000381469727,-0.8640346527099609,0.6265883445739746,0.9920634920634921,1.0
iterSNIP,layer2.1.conv1,0.59716796875,1.839083595077696,32.06678668956012,4.996513263870554,35.224216358352976,4.730466057082362,6.206571818977701,0.42616464360652867,0.5002534295265958,258.0697021484375,30.227703094482422,0.11598173528909683,31.75,11.238706588745117,11.238706588745117,-0.02161179669201374,1.0064287185668945,1.0,0.26642678880578247
iterSNIP,layer2.1.conv2,0.6487494574652778,5.8479582794280915,32.79061956482848,9.523317652370089,36.46597893777048,5.099302306334299,6.597073197802594,0.4405231999063016,0.5121133984938858,269.8061828613281,26.94266128540039,0.11327433586120605,32.0,10.586260795593262,10.586260795593262,-0.17810896039009094,1.0044550895690918,1.0,0.23444114516616057
iterSNIP,layer2.2.conv1,0.6781277126736112,2.169801047092669,33.28259973788857,6.11076543036755,37.22356412116345,5.250122166643419,6.739703461111403,0.4553907143623144,0.5226978866621504,277.932861328125,31.1127986907959,0.11179039627313614,32.0,10.420502662658691,10.420502662658691,-0.04723670706152916,0.9837813973426819,1.0,0.2727575732774091
iterSNIP,layer2.2.conv2,0.68414306640625,9.71706833868658,33.37529625921881,13.77219591324431,37.43042383377654,5.193804948065245,6.794868986986034,0.4454463450901926,0.5223079040528349,279.47760009765625,23.658227920532227,0.11277533322572708,25.6,11.078639030456543,11.078639030456543,-0.31986120343208313,1.0014137029647827,1.0,0.23110005895408023
iterSNIP,layer2.3.conv1,0.6620144314236112,2.4806325429289373,33.17162108357835,6.84576756685594,37.536756107505354,5.303963193934535,6.497038187807726,0.4563418395126322,0.5117265164682538,276.089111328125,30.690988540649414,0.1050347238779068,20.16666603088379,8.450183868408203,8.450183868408203,-0.09945032000541687,0.9493817090988159,1.0,0.29604897582331136
iterSNIP,layer2.3.conv2,0.6434326171875,11.080378260096836,32.940207209071446,14.737363769514914,36.597192718489524,5.547356945881546,7.180666371459496,0.469793672931559,0.5438404726985988,272.2643127441406,21.85982894897461,0.12030075490474701,32.0,10.759796142578125,10.759796142578125,-0.34194663166999817,1.0183008909225464,1.0,0.24878192929520787
iterSNIP,layer3.0.conv1,0.6821933322482638,-12.459465175829223,39.99145874384851,-10.54742719025839,41.903496729419345,5.278559471776253,9.091972560773277,0.408912755879826,0.5517232214054022,400.8291931152344,52.450923919677734,0.2127288579940796,60.5,26.44122886657715,26.44122886657715,0.5213820934295654,0.6068843007087708,1.0,0.33293745916403467
iterSNIP,layer3.0.conv2,0.4078250461154514,-33.22517700312223,40.23773651006136,-31.013863743292973,42.44904976989062,2.9762895306050883,5.810417696691459,0.247566953006928,0.39411222251296907,405.76885986328125,73.4629135131836,0.11942517012357712,59.5,22.09625816345215,22.09625816345215,1.1646900177001953,0.7928812503814697,0.979253112033195,0.11057624153261741
iterSNIP,layer3.0.downsample.0,0.837799072265625,10.671293239006708,25.100974063286493,10.741094714915132,25.170775539194917,7.687639846102738,13.3891981131929,0.6810971630871713,0.788121075258178,158.5147247314453,14.429680824279785,1.90625,60.75,50.16809844970703,50.16809844970703,-0.5909382104873657,0.44679635763168335,0.9672131147540983,1.0
iterSNIP,layer3.1.conv1,0.3883395724826389,-34.931623148442576,39.15490944433086,-32.83059887103521,41.25593372173823,1.9842242449375351,5.263204057653133,0.16569540447155523,0.3456752325012386,384.2767333984375,74.08653259277344,0.13125988841056824,62.25,25.127553939819336,25.127553939819336,1.2011370658874512,0.7105114459991455,1.0,0.08856358689168846
iterSNIP,layer3.1.conv2,0.3500501844618056,-28.410902142204684,37.68908870252188,-27.330250300958397,38.769740543768165,2.1598717536403433,5.4825109347276975,0.1823895754107513,0.36871326699876633,356.1168518066406,66.09999084472656,0.13308976590633392,62.5,27.545461654663086,27.545461654663086,0.9442262649536133,1.0464385747909546,1.0,0.033464083517805644
iterSNIP,layer3.2.conv1,0.4247266981336806,-42.377647749148686,39.888290056027095,-39.46572270800296,42.800215097172824,1.7936653847845645,4.895444504519735,0.14462473511084628,0.3225627761570587,398.7689208984375,82.26593780517578,0.11218836903572083,60.75,23.73975372314453,23.73975372314453,1.6360211372375488,0.7658469080924988,1.0,0.08024108740799028
iterSNIP,layer3.2.conv2,0.3557417127821181,-25.995722090672885,37.93594905190524,-24.84219059201152,39.089480550566606,2.3895130557748354,5.919831620684052,0.20043011705437197,0.3913935822442832,360.7840576171875,63.931671142578125,0.13516367971897125,63.25,29.390701293945312,29.390701293945312,0.851750910282135,1.0054630041122437,0.9921875,0.03261646433840708
iterSNIP,layer3.3.conv1,0.4279361300998264,-49.37326667181534,39.68534996636826,-46.50244185267193,42.556174785511665,1.2454019767138582,4.180289199152931,0.09925713374984055,0.27800259265581406,394.73175048828125,89.0586166381836,0.11282984167337418,61.75,23.049943923950195,23.049943923950195,2.0419845581054688,0.7509474754333496,0.9959677419354839,0.06947237328221988
iterSNIP,layer3.3.conv2,0.3484090169270833,-23.855262573559543,37.81180590788577,-22.825696384797723,38.84137209664759,2.500244653029424,6.201760780398965,0.20944592985589944,0.4066285268737697,358.43316650390625,61.66706848144531,0.13928182423114777,63.0,30.875492095947266,30.875492095947266,0.7584019899368286,1.1063083410263062,1.0,0.030349196584709387
iterSNIP,layer3.4.conv1,0.4689127604166667,-50.19588091757796,40.7692451200197,-46.48841844027959,44.47670759731807,1.4123612403407253,4.430233223183914,0.11207090980361926,0.28872009923511616,416.5328369140625,90.96512603759766,0.11131059378385544,62.0,22.301359176635742,22.301359176635742,2.124752998352051,0.7054603695869446,1.0,0.06912525887227672
iterSNIP,layer3.4.conv2,0.3472832573784722,-19.398394113385507,37.93101262489574,-18.599751923435903,38.72965481484535,2.686864648047446,6.402046050256835,0.22369695721252553,0.4176325639584592,360.6904296875,57.32940673828125,0.13800539076328278,63.75,31.770593643188477,31.770593643188477,0.6138699650764465,1.1420420408248901,1.0,0.038491016348273496
iterSNIP,layer3.5.conv1,0.4686482747395833,-50.607268001616454,40.85668310922339,-46.94480741271438,44.51914369812546,1.2428836983772198,4.084606582712539,0.09639235734691788,0.2677212511064571,418.317138671875,91.46395111083984,0.11061352491378784,61.5,21.141387939453125,21.141387939453125,2.1494953632354736,0.6144606471061707,0.9959514170040485,0.07759859870161616
iterSNIP,layer3.5.conv2,0.307708740234375,-19.20787688425836,37.024407661640076,-19.44004408890998,36.79224045698846,3.7021324423108526,7.66664283872776,0.29945205535261,0.4782191056981101,343.7016906738281,56.23228454589844,0.14772070944309235,62.0,32.12139129638672,32.12139129638672,0.5861262083053589,0.6148138046264648,0.99609375,0.016575996939381606
iterSNIP,layer4.0.conv1,0.1665310329861111,-13.083780174154867,38.707548256020914,-13.680862066618914,38.11046636355687,3.4288251076714733,9.201239371666231,0.28443134901143047,0.5210997645948776,375.5685729980469,51.79132843017578,0.3455284535884857,84.25,54.979549407958984,54.979549407958984,0.1068204790353775,0.1053745299577713,0.6491228070175439,0.0
iterSNIP,layer4.0.conv2,0.03619342380099826,-2.3854399559563007,31.813137924903074,-3.6192740116051887,30.579303869254186,3.7867200739847564,11.084954416911486,0.32274374525662197,0.5842276192066235,254.01893615722656,34.198577880859375,1.1470588445663452,95.5,80.94815063476562,80.94815063476562,0.0004646347661036998,0.06225401163101196,0.8743589743589744,0.0
iterSNIP,layer4.0.downsample.0,0.6570510864257812,10.426372955124002,33.43906063822947,10.216202719951411,33.22889040305688,7.895973289871146,16.13316329122926,0.6173565997997027,0.768271725515483,280.5426940917969,23.01268768310547,1.5595238208770752,98.25,81.13290405273438,81.13290405273438,-0.4894845485687256,0.04828440025448799,0.8676844783715013,1.0
iterSNIP,layer4.1.conv1,0.015341016981336806,-5.0848575857408385,24.642704364942755,-7.0234991572529495,22.704062793430644,2.5941736588825077,6.937833908407632,0.2646756361463105,0.48903172671982476,152.8157196044922,29.727561950683594,0.6803519129753113,56.0,45.599449157714844,45.599449157714844,0.0027274638414382935,0.1708247810602188,0.978448275862069,0.0
iterSNIP,layer4.1.conv2,0.019516838921440974,-10.134699004500547,25.917878967911562,-11.485086553477103,24.567491418935006,-0.5488747800823557,5.541217539263183,-0.05238652103286637,0.33446316863880504,168.93411254882812,36.05257797241211,1.8340611457824707,75.19999694824219,75.19999694824219,75.19999694824219,0.019821912050247192,0.10800948739051819,0.8452380952380952,0.0
iterSNIP,layer4.2.conv1,0.017953236897786457,-4.897265073583313,25.66607797451239,-6.95232866664653,23.611014381449174,2.531232383797068,7.1566789307604495,0.24536302949397992,0.480188320980303,165.6868896484375,30.563343048095703,0.7275280952453613,62.25,48.1138916015625,48.1138916015625,0.0033602516632527113,0.14472481608390808,1.0,0.0
iterSNIP,layer4.2.conv2,0.025465223524305556,-9.368493038374993,27.96145920161524,-10.726877484587213,26.60307475540302,1.6536692836672824,9.2551398959645,0.1458638681735499,0.48709897910686406,196.46080017089844,37.329952239990234,1.7538461685180664,105.5,96.55000305175781,96.55000305175781,0.022739674896001816,0.0,0.0,0.0
iterSNIP,fc,0.85703125,10.558208915624796,16.00961301032084,18.394445437246986,23.84584953194303,5.88824800217616,7.371182509889854,0.6154812705622528,0.6220610177829544,65.0769271850586,5.451404094696045,0.021739130839705467,1.4285714285714286,0.5355921117782122,0.5355921117782122,-0.745368480682373,0.0,0.0,0.0
Rand,conv1,0.19238945578231292,0.8836984331759385,8.624365299478429,0.8459479791755271,8.586614845478017,0.5977087303452631,0.573435352900194,0.11841698307083455,0.11325835420268156,19.594919204711914,7.74066686630249,0.43537414965986393,5.083333492279053,3.962448835372925,3.962448835372925,-0.027643786743283272,1.0719244480133057,1.0,0.0
Rand,layer1.0.conv1,0.19986979166666666,-0.10924405819045724,12.441199591101535,1.5663863362787431,14.116829985570735,0.8204238263480245,0.7252547998010264,0.12410487190206215,0.10931269073828975,39.69586181640625,12.550443649291992,0.1111111111111111,2.5833332538604736,1.56450617313385,1.56450617313385,0.010434415191411972,1.0106855630874634,1.0,0.0
Rand,layer1.0.conv2,0.2000054253472222,-0.31370050981255915,12.441531347487246,1.3665177236095083,14.121749580909313,0.8731023764707626,0.7855650089958771,0.13313508058894288,0.12107078505923256,39.69792556762695,12.755231857299805,0.1111111111111111,5.818181818181818,1.9272561073303223,1.9272561073303223,0.01704658381640911,0.9990807771682739,1.0,0.0
Rand,layer1.1.conv1,0.19856770833333334,-0.2404651099118631,12.415165001782473,1.4138837559853936,14.06951386767973,0.8670469705699162,0.7824290163996204,0.13255920708813987,0.12024567369541521,39.534080505371094,12.655630111694336,0.1111111111111111,4.923076923076923,1.8709735870361328,1.8709735870361328,0.015188773162662983,1.0100940465927124,1.0,0.0
Rand,layer1.1.conv2,0.19932725694444445,-0.2690450320422215,12.43517001770143,1.3929192297428035,14.097134279486456,0.8364327666913818,0.7359340898610207,0.12930421999838057,0.11407958287351126,39.658363342285156,12.704215049743652,0.1111111111111111,5.818181818181818,1.8259997998275914,1.8259997998275914,0.016033530235290527,1.0114086866378784,1.0,0.0
Rand,layer1.2.conv1,0.1999782986111111,-0.0027628021047512163,12.44541548921605,1.6725874244831296,14.12076571580393,0.8588557237942909,0.7676334203678788,0.13377484417785482,0.11940559336034497,39.72209167480469,12.4481782913208,0.1111111111111111,4.5,1.8225334882736206,1.8225334882736206,0.006997148040682077,0.9932295680046082,1.0,0.0
Rand,layer1.2.conv2,0.19764539930555555,-0.42964666550500574,12.376761262961791,1.2294938318143114,14.035901760281108,0.812625471391515,0.735999259187564,0.12845406022628617,0.11637998551188634,39.29605484008789,12.806407928466797,0.1111111111111111,5.25,1.9276214838027954,1.9276214838027954,0.021109912544488907,1.025070309638977,1.0,0.0
Rand,layer2.0.conv1,0.2008599175347222,0.6207463533597917,14.770601013393971,1.5306574997184441,15.680512159752624,0.6548996998421328,0.9010832338596676,0.08838892235771935,0.11951860644591242,55.54266357421875,14.14985466003418,0.2222222222222222,10.583333015441895,4.664895534515381,4.664895534515381,-0.01283360831439495,1.0022248029708862,1.0,0.0
Rand,layer2.0.conv2,0.19993760850694445,-0.2997147700170011,17.56387356311288,2.239028898363557,20.10261723149344,0.8744776432161989,0.953200615679823,0.10291084694435314,0.1129141243110614,78.1224136352539,17.863588333129883,0.1111111111111111,11.363636016845703,3.069636821746826,3.069636821746826,0.010419024154543877,1.0032583475112915,1.0,0.0
Rand,layer2.0.downsample.0,0.1939697265625,0.9119475586805876,8.312516520777756,0.8593075232793854,8.259876485376553,,,,,18.27448272705078,7.400568962097168,2.0,,,,-0.03164336085319519,1.0952075719833374,1.0,1.0
Rand,layer2.1.conv1,0.19990370008680555,-0.36446665746959184,17.559567461182752,2.176855602207315,20.10088972085966,0.8686917219503422,0.944635680780257,0.10325713732071974,0.11241918692076878,78.08460235595703,17.924034118652344,0.1111111111111111,7.529411764705882,2.8192317485809326,2.8192317485809326,0.011861271224915981,1.014548897743225,1.0,0.0
Rand,layer2.1.conv2,0.2021416558159722,-0.3448963792092208,17.65067666461402,2.219010092778973,20.214583136602215,0.808017994052404,0.9305109195485786,0.09652902391252907,0.1120095324758364,78.8865966796875,17.995573043823242,0.1111111111111111,9.615385055541992,3.363534927368164,3.363534927368164,0.011296272277832031,0.9872831702232361,1.0,0.0
Rand,layer2.2.conv1,0.19898817274305555,-0.4336779438590064,17.51265498765955,2.107860051400472,20.054192982919027,0.9132092901900497,0.9653004176748413,0.10789097454208059,0.11467321580663274,77.67327117919922,17.946332931518555,0.1111111111111111,7.529411764705882,2.6388447284698486,2.6388447284698486,0.013297544792294502,1.017720341682434,1.0,0.0
Rand,layer2.2.conv2,0.20167371961805555,-0.1062173984900383,17.63689135089961,2.4477550251539455,20.190863774543594,0.9065924073790366,0.983667256070438,0.10670221218979112,0.11677222324244256,78.76498413085938,17.74310874938965,0.1111111111111111,11.454545021057129,3.0243730545043945,3.0243730545043945,0.005890024825930595,0.997905433177948,1.0,0.0
Rand,layer2.3.conv1,0.2006293402777778,-0.3116758139474314,17.59293386622835,2.233214608369103,20.137824288544884,0.9303371249942176,1.0217862696677396,0.10859799667773562,0.12030975589303612,78.3778305053711,17.90460968017578,0.1111111111111111,10.416666984558105,2.955026626586914,2.955026626586914,0.010682542808353901,1.0015640258789062,1.0,0.0
Rand,layer2.3.conv2,0.2004055447048611,-0.40490996351344677,17.585984354113506,2.135546108782634,20.126440426409587,0.7755119556852551,0.8735198810841395,0.09060786161556615,0.10321245881567731,78.31671142578125,17.990894317626953,0.1111111111111111,11.272727012634277,3.16176176071167,3.16176176071167,0.01292276382446289,1.0004551410675049,1.0,0.0
Rand,layer3.0.conv1,0.19986979166666666,1.1347019412764965,20.846196387077278,2.5123526939816614,22.223847139782443,0.4043993724322033,1.1267017823309016,0.039623066876319946,0.11240081293798031,109.64097595214844,19.71149444580078,0.2222222222222222,14.70588207244873,6.8578877449035645,6.8578877449035645,-0.01916027069091797,1.000852346420288,1.0,0.0
Rand,layer3.0.conv2,0.1993560791015625,-0.7477350938910909,24.779639173687034,2.9545046590366475,28.481878926614772,0.8541748629920869,1.2521506573463472,0.07631722541011049,0.11386163501906325,154.50762939453125,25.527374267578125,0.1111111111111111,12.142857551574707,4.208437442779541,4.208437442779541,0.014070630073547363,1.0011687278747559,1.0,0.0
Rand,layer3.0.downsample.0,0.203643798828125,1.269764255520764,12.128403018948498,1.2987185751110637,12.157357338538798,,,,,37.774539947509766,10.858638763427734,2.0,,,,-0.035277754068374634,1.0142306089401245,1.0,1.0
Rand,layer3.1.conv1,0.19923231336805555,-0.578185838365961,24.767271238660406,3.127520848705913,28.47297792573228,0.7164087058430482,1.2251396548983269,0.06227850643543852,0.11312043390124292,154.35443115234375,25.345457077026367,0.1111111111111111,18.14285659790039,5.565562725067139,5.565562725067139,0.011181818321347237,1.001936435699463,1.0,0.0
Rand,layer3.1.conv2,0.199310302734375,-0.7291130924988671,24.770467290801914,2.9790067386809795,28.47858712198176,0.7890728142762705,1.2220718769138093,0.06895017295244649,0.11263543614995958,154.39401245117188,25.49958038330078,0.1111111111111111,16.66666603088379,4.918240070343018,4.918240070343018,0.013654734939336777,1.0060749053955078,1.0,0.0
Rand,layer3.2.conv1,0.2001376681857639,-0.5444969622121221,24.82075267157694,3.172775337391819,28.53802497118088,0.7740609097644262,1.231056919516881,0.06623319959672826,0.11160648941606752,155.01744079589844,25.365249633789062,0.1111111111111111,17.85714340209961,4.883965492248535,4.883965492248535,0.010603176429867744,1.0007948875427246,1.0,0.0
Rand,layer3.2.conv2,0.19992234971788195,-0.7500692463809422,24.804154767901284,2.9683443950628146,28.52256840934504,0.7871181336375704,1.232220432454003,0.06926248626070806,0.1125790649659363,154.8115234375,25.554224014282227,0.1111111111111111,15.8125,4.744216442108154,4.744216442108154,0.013950811699032784,1.0000007152557373,1.0,0.0
Rand,layer3.3.conv1,0.1995612250434028,-0.6359432948518347,24.782992480905,3.077690611635415,28.49662638739225,0.7313692368339851,1.2053028149606613,0.062486773169829805,0.11034220047651905,154.54917907714844,25.418935775756836,0.1111111111111111,20.66666603088379,5.250211715698242,5.250211715698242,0.012067132629454136,1.0002403259277344,1.0,0.0
Rand,layer3.3.conv2,0.1993442111545139,-0.7455282672417773,24.773251487396895,2.962245897526138,28.48102565216481,0.7363392147480203,1.241997254795211,0.06418228896792803,0.11443749889852027,154.42849731445312,25.518779754638672,0.1111111111111111,20.83333396911621,5.509747505187988,5.509747505187988,0.013939685188233852,1.0031647682189941,1.0,0.0
Rand,layer3.4.conv1,0.19965108235677084,-0.5356611621600749,24.794615327097738,3.1728070797388206,28.503083568996633,0.7501392962547001,1.1944874877825384,0.06516762721624704,0.10844323361203553,154.6932373046875,25.330276489257812,0.1111111111111111,16.799999237060547,4.689764022827148,4.689764022827148,0.010512630455195904,1.0059411525726318,1.0,0.0
Rand,layer3.4.conv2,0.2005089653862847,-0.6836063096405063,24.845732527029416,3.03531973576834,28.564658572438262,0.9091802692672948,1.268261271133013,0.08062146758728833,0.11353187692976008,155.32760620117188,25.529338836669922,0.1111111111111111,11.130434782608695,3.809077739715576,3.809077739715576,0.012950394302606583,0.998742401599884,1.0,0.0
Rand,layer3.5.conv1,0.19990030924479166,-0.8529868958054472,24.806721127265842,2.861277781941748,28.520985805013037,0.77511813673543,1.223402783354813,0.06812844618155188,0.11180278354959211,154.84335327148438,25.65970802307129,0.1111111111111111,16.866666793823242,4.78716516494751,4.78716516494751,0.01573140174150467,1.0004926919937134,1.0,0.0
Rand,layer3.5.conv2,0.1996799045138889,-0.518661804701388,24.794429473374784,3.1920633812818835,28.505154659358055,0.6803685809989545,1.2377871068757191,0.05840235104407023,0.11413593044458892,154.69093322753906,25.313091278076172,0.1111111111111111,20.91666603088379,6.008785247802734,6.008785247802734,0.01020050048828125,1.00657057762146,1.0,0.0
Rand,layer4.0.conv1,0.2006895277235243,1.3891305631094362,29.527531594603577,3.428829755556464,31.567230787050605,-0.21945681836840375,1.4601570763760925,-0.028699460687600382,0.10913527809703324,218.96878051757812,28.13840103149414,0.2222222222222222,29.882352828979492,11.964916229248047,11.964916229248047,-0.017520878463983536,0.9990008473396301,1.0,0.0
Rand,layer4.0.conv2,0.20013131035698783,-0.9529995713016177,35.08446838524135,4.386986890974164,40.42445484751713,0.4106713495097037,1.5999294587973603,0.017933668938373587,0.11033446487146299,308.72998046875,36.03746795654297,0.1111111111111111,41.25,8.52287483215332,8.52287483215332,0.011896544136106968,0.9992959499359131,1.0,0.0
Rand,layer4.0.downsample.0,0.19918060302734375,1.947177635329247,16.97075246443081,2.0957062732101264,17.11928110231169,-1.3996500014818496,1.3251754703612644,-0.15791476970684795,0.11406381926377937,73.0016098022461,15.023574829101562,2.0,31.3125,28.91940689086914,28.91940689086914,-0.0405595600605011,1.0208357572555542,1.0,1.0
Rand,layer4.1.conv1,0.19982359144422743,-0.9495777281261084,35.05863531508678,4.385049973981296,40.39326301719419,0.2977952057217543,1.5782667105106951,0.007413612572884134,0.10971718037371382,308.2769775390625,36.00821304321289,0.1111111111111111,41.33333206176758,9.483089447021484,9.483089447021484,0.011861205101013184,1.0033810138702393,1.0,0.0
Rand,layer4.1.conv2,0.20032797919379342,-1.0227811691391508,35.09936543730616,4.322230750189632,40.444377356634945,0.37052536038377937,1.5726877120547125,0.01335971885767154,0.10922374739765825,308.9913635253906,36.12214660644531,0.1111111111111111,35.85714340209961,8.776421546936035,8.776421546936035,0.012694398872554302,0.9995136260986328,1.0,0.0
Rand,layer4.2.conv1,0.20008299085828993,-1.001398105382492,35.07756994271321,4.340590395408029,40.41955844350373,0.41449984545315727,1.5848841497376414,0.017413099760648316,0.10926757921589283,308.6089782714844,36.0789680480957,0.1111111111111111,41.25,8.317795753479004,8.317795753479004,0.012431979179382324,1.000334620475769,1.0,0.0
Rand,layer4.2.conv2,0.20001517401801217,-0.9553742832286289,35.0728315883534,4.384479644619503,40.412685516201535,0.4451327306356199,1.6177623657819755,0.019677507625431384,0.11144503536476906,308.52587890625,36.02820587158203,0.1111111111111111,35.57143020629883,8.444393157958984,8.444393157958984,0.011904041282832623,0.0,0.0,1.9337871287128713e-05
Rand,fc,0.2,,,,,0.7905419718315935,1.1968037755042813,0.1575033126735794,0.21595641656832065,,,,0.625,0.3129253528189699,0.3129253528189699,,0.0,0.0,0.0
